DateKey,Date,Year,Quarter,MonthNumber,MonthName,WeekNumber,DayOfWeek,IsWeekend,_SourceFile,_ExportedAt,_LegacyRowNumber
20240101,2024-01-01,2024,Q1,1,Enero,1,Lunes,False,training_dim_fecha_export.csv,2026-06-23T00:00:00,1
20240102,2024-01-02,2024,Q1,1,Enero,1,Martes,False,training_dim_fecha_export.csv,2026-06-23T00:00:00,2
20240103,2024-01-03,2024,Q1,1,Enero,1,Miércoles,False,training_dim_fecha_export.csv,2026-06-23T00:00:00,3
20240104,2024-01-04,2024,Q1,1,Enero,1,Jueves,False,training_dim_fecha_export.csv,2026-06-23T00:00:00,4
20240105,2024-01-05,2024,Q1,1,Enero,1,Viernes,False,training_dim_fecha_export.csv,2026-06-23T00:00:00,5
20240106,2024-01-06,2024,Q1,1,Enero,1,Sábado,True,training_dim_fecha_export.csv,2026-06-23T00:00:00,6
20240107,2024-01-07,2024,Q1,1,Enero,1,Domingo,True,training_dim_fecha_export.csv,2026-06-23T00:00:00,7
20240108,2024-01-08,2024,Q1,1,Enero,2,Lunes,False,training_dim_fecha_export.csv,2026-06-23T00:00:00,8
20240109,2024-01-09,2024,Q1,1,Enero,2,Martes,False,training_dim_fecha_export.csv,2026-06-23T00:00:00,9
20240110,2024-01-10,2024,Q1,1,Enero,2,Miércoles,False,training_dim_fecha_export.csv,2026-06-23T00:00:00,10
20240111,2024-01-11,2024,Q1,1,Enero,2,Jueves,False,training_dim_fecha_export.csv,2026-06-23T00:00:00,11
20240112,2024-01-12,2024,Q1,1,Enero,2,Viernes,False,training_dim_fecha_export.csv,2026-06-23T00:00:00,12
20240113,2024-01-13,2024,Q1,1,Enero,2,Sábado,True,training_dim_fecha_export.csv,2026-06-23T00:00:00,13
20240114,2024-01-14,2024,Q1,1,Enero,2,Domingo,True,training_dim_fecha_export.csv,2026-06-23T00:00:00,14
20240115,2024-01-15,2024,Q1,1,Enero,3,Lunes,False,training_dim_fecha_export.csv,2026-06-23T00:00:00,15
20240116,2024-01-16,2024,Q1,1,Enero,3,Martes,False,training_dim_fecha_export.csv,2026-06-23T00:00:00,16
20240117,2024-01-17,2024,Q1,1,Enero,3,Miércoles,False,training_dim_fecha_export.csv,2026-06-23T00:00:00,17
20240118,2024-01-18,2024,Q1,1,Enero,3,Jueves,False,training_dim_fecha_export.csv,2026-06-23T00:00:00,18
20240119,2024-01-19,2024,Q1,1,Enero,3,Viernes,False,training_dim_fecha_export.csv,2026-06-23T00:00:00,19
20240120,2024-01-20,2024,Q1,1,Enero,3,Sábado,True,training_dim_fecha_export.csv,2026-06-23T00:00:00,20
20240121,2024-01-21,2024,Q1,1,Enero,3,Domingo,True,training_dim_fecha_export.csv,2026-06-23T00:00:00,21
20240122,2024-01-22,2024,Q1,1,Enero,4,Lunes,False,training_dim_fecha_export.csv,2026-06-23T00:00:00,22
20240123,2024-01-23,2024,Q1,1,Enero,4,Martes,False,training_dim_fecha_export.csv,2026-06-23T00:00:00,23
20240124,2024-01-24,2024,Q1,1,Enero,4,Miércoles,False,training_dim_fecha_export.csv,2026-06-23T00:00:00,24
20240125,2024-01-25,2024,Q1,1,Enero,4,Jueves,False,training_dim_fecha_export.csv,2026-06-23T00:00:00,25
20240126,2024-01-26,2024,Q1,1,Enero,4,Viernes,False,training_dim_fecha_export.csv,2026-06-23T00:00:00,26
20240127,2024-01-27,2024,Q1,1,Enero,4,Sábado,True,training_dim_fecha_export.csv,2026-06-23T00:00:00,27
20240128,2024-01-28,2024,Q1,1,Enero,4,Domingo,True,training_dim_fecha_export.csv,2026-06-23T00:00:00,28
20240129,2024-01-29,2024,Q1,1,Enero,5,Lunes,False,training_dim_fecha_export.csv,2026-06-23T00:00:00,29
20240130,2024-01-30,2024,Q1,1,Enero,5,Martes,False,training_dim_fecha_export.csv,2026-06-23T00:00:00,30
20240131,2024-01-31,2024,Q1,1,Enero,5,Miércoles,False,training_dim_fecha_export.csv,2026-06-23T00:00:00,31
20240201,2024-02-01,2024,Q1,2,Febrero,5,Jueves,False,training_dim_fecha_export.csv,2026-06-23T00:00:00,32
20240202,2024-02-02,2024,Q1,2,Febrero,5,Viernes,False,training_dim_fecha_export.csv,2026-06-23T00:00:00,33
20240203,2024-02-03,2024,Q1,2,Febrero,5,Sábado,True,training_dim_fecha_export.csv,2026-06-23T00:00:00,34
20240204,2024-02-04,2024,Q1,2,Febrero,5,Domingo,True,training_dim_fecha_export.csv,2026-06-23T00:00:00,35
20240205,2024-02-05,2024,Q1,2,Febrero,6,Lunes,False,training_dim_fecha_export.csv,2026-06-23T00:00:00,36
20240206,2024-02-06,2024,Q1,2,Febrero,6,Martes,False,training_dim_fecha_export.csv,2026-06-23T00:00:00,37
20240207,2024-02-07,2024,Q1,2,Febrero,6,Miércoles,False,training_dim_fecha_export.csv,2026-06-23T00:00:00,38
20240208,2024-02-08,2024,Q1,2,Febrero,6,Jueves,False,training_dim_fecha_export.csv,2026-06-23T00:00:00,39
20240209,2024-02-09,2024,Q1,2,Febrero,6,Viernes,False,training_dim_fecha_export.csv,2026-06-23T00:00:00,40
20240210,2024-02-10,2024,Q1,2,Febrero,6,Sábado,True,training_dim_fecha_export.csv,2026-06-23T00:00:00,41
20240211,2024-02-11,2024,Q1,2,Febrero,6,Domingo,True,training_dim_fecha_export.csv,2026-06-23T00:00:00,42
20240212,2024-02-12,2024,Q1,2,Febrero,7,Lunes,False,training_dim_fecha_export.csv,2026-06-23T00:00:00,43
20240213,2024-02-13,2024,Q1,2,Febrero,7,Martes,False,training_dim_fecha_export.csv,2026-06-23T00:00:00,44
20240214,2024-02-14,2024,Q1,2,Febrero,7,Miércoles,False,training_dim_fecha_export.csv,2026-06-23T00:00:00,45
20240215,2024-02-15,2024,Q1,2,Febrero,7,Jueves,False,training_dim_fecha_export.csv,2026-06-23T00:00:00,46
20240216,2024-02-16,2024,Q1,2,Febrero,7,Viernes,False,training_dim_fecha_export.csv,2026-06-23T00:00:00,47
20240217,2024-02-17,2024,Q1,2,Febrero,7,Sábado,True,training_dim_fecha_export.csv,2026-06-23T00:00:00,48
20240218,2024-02-18,2024,Q1,2,Febrero,7,Domingo,True,training_dim_fecha_export.csv,2026-06-23T00:00:00,49
20240219,2024-02-19,2024,Q1,2,Febrero,8,Lunes,False,training_dim_fecha_export.csv,2026-06-23T00:00:00,50
20240220,2024-02-20,2024,Q1,2,Febrero,8,Martes,False,training_dim_fecha_export.csv,2026-06-23T00:00:00,51
20240221,2024-02-21,2024,Q1,2,Febrero,8,Miércoles,False,training_dim_fecha_export.csv,2026-06-23T00:00:00,52
20240222,2024-02-22,2024,Q1,2,Febrero,8,Jueves,False,training_dim_fecha_export.csv,2026-06-23T00:00:00,53
20240223,2024-02-23,2024,Q1,2,Febrero,8,Viernes,False,training_dim_fecha_export.csv,2026-06-23T00:00:00,54
20240224,2024-02-24,2024,Q1,2,Febrero,8,Sábado,True,training_dim_fecha_export.csv,2026-06-23T00:00:00,55
20240225,2024-02-25,2024,Q1,2,Febrero,8,Domingo,True,training_dim_fecha_export.csv,2026-06-23T00:00:00,56
20240226,2024-02-26,2024,Q1,2,Febrero,9,Lunes,False,training_dim_fecha_export.csv,2026-06-23T00:00:00,57
20240227,2024-02-27,2024,Q1,2,Febrero,9,Martes,False,training_dim_fecha_export.csv,2026-06-23T00:00:00,58
20240228,2024-02-28,2024,Q1,2,Febrero,9,Miércoles,False,training_dim_fecha_export.csv,2026-06-23T00:00:00,59
20240229,2024-02-29,2024,Q1,2,Febrero,9,Jueves,False,training_dim_fecha_export.csv,2026-06-23T00:00:00,60
20240301,2024-03-01,2024,Q1,3,Marzo,9,Viernes,False,training_dim_fecha_export.csv,2026-06-23T00:00:00,61
20240302,2024-03-02,2024,Q1,3,Marzo,9,Sábado,True,training_dim_fecha_export.csv,2026-06-23T00:00:00,62
20240303,2024-03-03,2024,Q1,3,Marzo,9,Domingo,True,training_dim_fecha_export.csv,2026-06-23T00:00:00,63
20240304,2024-03-04,2024,Q1,3,Marzo,10,Lunes,False,training_dim_fecha_export.csv,2026-06-23T00:00:00,64
20240305,2024-03-05,2024,Q1,3,Marzo,10,Martes,False,training_dim_fecha_export.csv,2026-06-23T00:00:00,65
20240306,2024-03-06,2024,Q1,3,Marzo,10,Miércoles,False,training_dim_fecha_export.csv,2026-06-23T00:00:00,66
20240307,2024-03-07,2024,Q1,3,Marzo,10,Jueves,False,training_dim_fecha_export.csv,2026-06-23T00:00:00,67
20240308,2024-03-08,2024,Q1,3,Marzo,10,Viernes,False,training_dim_fecha_export.csv,2026-06-23T00:00:00,68
20240309,2024-03-09,2024,Q1,3,Marzo,10,Sábado,True,training_dim_fecha_export.csv,2026-06-23T00:00:00,69
20240310,2024-03-10,2024,Q1,3,Marzo,10,Domingo,True,training_dim_fecha_export.csv,2026-06-23T00:00:00,70
20240311,2024-03-11,2024,Q1,3,Marzo,11,Lunes,False,training_dim_fecha_export.csv,2026-06-23T00:00:00,71
20240312,2024-03-12,2024,Q1,3,Marzo,11,Martes,False,training_dim_fecha_export.csv,2026-06-23T00:00:00,72
20240313,2024-03-13,2024,Q1,3,Marzo,11,Miércoles,False,training_dim_fecha_export.csv,2026-06-23T00:00:00,73
20240314,2024-03-14,2024,Q1,3,Marzo,11,Jueves,False,training_dim_fecha_export.csv,2026-06-23T00:00:00,74
20240315,2024-03-15,2024,Q1,3,Marzo,11,Viernes,False,training_dim_fecha_export.csv,2026-06-23T00:00:00,75
20240316,2024-03-16,2024,Q1,3,Marzo,11,Sábado,True,training_dim_fecha_export.csv,2026-06-23T00:00:00,76
20240317,2024-03-17,2024,Q1,3,Marzo,11,Domingo,True,training_dim_fecha_export.csv,2026-06-23T00:00:00,77
20240318,2024-03-18,2024,Q1,3,Marzo,12,Lunes,False,training_dim_fecha_export.csv,2026-06-23T00:00:00,78
20240319,2024-03-19,2024,Q1,3,Marzo,12,Martes,False,training_dim_fecha_export.csv,2026-06-23T00:00:00,79
20240320,2024-03-20,2024,Q1,3,Marzo,12,Miércoles,False,training_dim_fecha_export.csv,2026-06-23T00:00:00,80
20240321,2024-03-21,2024,Q1,3,Marzo,12,Jueves,False,training_dim_fecha_export.csv,2026-06-23T00:00:00,81
20240322,2024-03-22,2024,Q1,3,Marzo,12,Viernes,False,training_dim_fecha_export.csv,2026-06-23T00:00:00,82
20240323,2024-03-23,2024,Q1,3,Marzo,12,Sábado,True,training_dim_fecha_export.csv,2026-06-23T00:00:00,83
20240324,2024-03-24,2024,Q1,3,Marzo,12,Domingo,True,training_dim_fecha_export.csv,2026-06-23T00:00:00,84
20240325,2024-03-25,2024,Q1,3,Marzo,13,Lunes,False,training_dim_fecha_export.csv,2026-06-23T00:00:00,85
20240326,2024-03-26,2024,Q1,3,Marzo,13,Martes,False,training_dim_fecha_export.csv,2026-06-23T00:00:00,86
20240327,2024-03-27,2024,Q1,3,Marzo,13,Miércoles,False,training_dim_fecha_export.csv,2026-06-23T00:00:00,87
20240328,2024-03-28,2024,Q1,3,Marzo,13,Jueves,False,training_dim_fecha_export.csv,2026-06-23T00:00:00,88
20240329,2024-03-29,2024,Q1,3,Marzo,13,Viernes,False,training_dim_fecha_export.csv,2026-06-23T00:00:00,89
20240330,2024-03-30,2024,Q1,3,Marzo,13,Sábado,True,training_dim_fecha_export.csv,2026-06-23T00:00:00,90
20240331,2024-03-31,2024,Q1,3,Marzo,13,Domingo,True,training_dim_fecha_export.csv,2026-06-23T00:00:00,91
20240401,2024-04-01,2024,Q2,4,Abril,14,Lunes,False,training_dim_fecha_export.csv,2026-06-23T00:00:00,92
20240402,2024-04-02,2024,Q2,4,Abril,14,Martes,False,training_dim_fecha_export.csv,2026-06-23T00:00:00,93
20240403,2024-04-03,2024,Q2,4,Abril,14,Miércoles,False,training_dim_fecha_export.csv,2026-06-23T00:00:00,94
20240404,2024-04-04,2024,Q2,4,Abril,14,Jueves,False,training_dim_fecha_export.csv,2026-06-23T00:00:00,95
20240405,2024-04-05,2024,Q2,4,Abril,14,Viernes,False,training_dim_fecha_export.csv,2026-06-23T00:00:00,96
20240406,2024-04-06,2024,Q2,4,Abril,14,Sábado,True,training_dim_fecha_export.csv,2026-06-23T00:00:00,97
20240407,2024-04-07,2024,Q2,4,Abril,14,Domingo,True,training_dim_fecha_export.csv,2026-06-23T00:00:00,98
20240408,2024-04-08,2024,Q2,4,Abril,15,Lunes,False,training_dim_fecha_export.csv,2026-06-23T00:00:00,99
20240409,2024-04-09,2024,Q2,4,Abril,15,Martes,False,training_dim_fecha_export.csv,2026-06-23T00:00:00,100
20240410,2024-04-10,2024,Q2,4,Abril,15,Miércoles,False,training_dim_fecha_export.csv,2026-06-23T00:00:00,101
20240411,2024-04-11,2024,Q2,4,Abril,15,Jueves,False,training_dim_fecha_export.csv,2026-06-23T00:00:00,102
20240412,2024-04-12,2024,Q2,4,Abril,15,Viernes,False,training_dim_fecha_export.csv,2026-06-23T00:00:00,103
20240413,2024-04-13,2024,Q2,4,Abril,15,Sábado,True,training_dim_fecha_export.csv,2026-06-23T00:00:00,104
20240414,2024-04-14,2024,Q2,4,Abril,15,Domingo,True,training_dim_fecha_export.csv,2026-06-23T00:00:00,105
20240415,2024-04-15,2024,Q2,4,Abril,16,Lunes,False,training_dim_fecha_export.csv,2026-06-23T00:00:00,106
20240416,2024-04-16,2024,Q2,4,Abril,16,Martes,False,training_dim_fecha_export.csv,2026-06-23T00:00:00,107
20240417,2024-04-17,2024,Q2,4,Abril,16,Miércoles,False,training_dim_fecha_export.csv,2026-06-23T00:00:00,108
20240418,2024-04-18,2024,Q2,4,Abril,16,Jueves,False,training_dim_fecha_export.csv,2026-06-23T00:00:00,109
20240419,2024-04-19,2024,Q2,4,Abril,16,Viernes,False,training_dim_fecha_export.csv,2026-06-23T00:00:00,110
20240420,2024-04-20,2024,Q2,4,Abril,16,Sábado,True,training_dim_fecha_export.csv,2026-06-23T00:00:00,111
20240421,2024-04-21,2024,Q2,4,Abril,16,Domingo,True,training_dim_fecha_export.csv,2026-06-23T00:00:00,112
20240422,2024-04-22,2024,Q2,4,Abril,17,Lunes,False,training_dim_fecha_export.csv,2026-06-23T00:00:00,113
20240423,2024-04-23,2024,Q2,4,Abril,17,Martes,False,training_dim_fecha_export.csv,2026-06-23T00:00:00,114
20240424,2024-04-24,2024,Q2,4,Abril,17,Miércoles,False,training_dim_fecha_export.csv,2026-06-23T00:00:00,115
20240425,2024-04-25,2024,Q2,4,Abril,17,Jueves,False,training_dim_fecha_export.csv,2026-06-23T00:00:00,116
20240426,2024-04-26,2024,Q2,4,Abril,17,Viernes,False,training_dim_fecha_export.csv,2026-06-23T00:00:00,117
20240427,2024-04-27,2024,Q2,4,Abril,17,Sábado,True,training_dim_fecha_export.csv,2026-06-23T00:00:00,118
20240428,2024-04-28,2024,Q2,4,Abril,17,Domingo,True,training_dim_fecha_export.csv,2026-06-23T00:00:00,119
20240429,2024-04-29,2024,Q2,4,Abril,18,Lunes,False,training_dim_fecha_export.csv,2026-06-23T00:00:00,120
20240430,2024-04-30,2024,Q2,4,Abril,18,Martes,False,training_dim_fecha_export.csv,2026-06-23T00:00:00,121
20240501,2024-05-01,2024,Q2,5,Mayo,18,Miércoles,False,training_dim_fecha_export.csv,2026-06-23T00:00:00,122
20240502,2024-05-02,2024,Q2,5,Mayo,18,Jueves,False,training_dim_fecha_export.csv,2026-06-23T00:00:00,123
20240503,2024-05-03,2024,Q2,5,Mayo,18,Viernes,False,training_dim_fecha_export.csv,2026-06-23T00:00:00,124
20240504,2024-05-04,2024,Q2,5,Mayo,18,Sábado,True,training_dim_fecha_export.csv,2026-06-23T00:00:00,125
20240505,2024-05-05,2024,Q2,5,Mayo,18,Domingo,True,training_dim_fecha_export.csv,2026-06-23T00:00:00,126
20240506,2024-05-06,2024,Q2,5,Mayo,19,Lunes,False,training_dim_fecha_export.csv,2026-06-23T00:00:00,127
20240507,2024-05-07,2024,Q2,5,Mayo,19,Martes,False,training_dim_fecha_export.csv,2026-06-23T00:00:00,128
20240508,2024-05-08,2024,Q2,5,Mayo,19,Miércoles,False,training_dim_fecha_export.csv,2026-06-23T00:00:00,129
20240509,2024-05-09,2024,Q2,5,Mayo,19,Jueves,False,training_dim_fecha_export.csv,2026-06-23T00:00:00,130
20240510,2024-05-10,2024,Q2,5,Mayo,19,Viernes,False,training_dim_fecha_export.csv,2026-06-23T00:00:00,131
20240511,2024-05-11,2024,Q2,5,Mayo,19,Sábado,True,training_dim_fecha_export.csv,2026-06-23T00:00:00,132
20240512,2024-05-12,2024,Q2,5,Mayo,19,Domingo,True,training_dim_fecha_export.csv,2026-06-23T00:00:00,133
20240513,2024-05-13,2024,Q2,5,Mayo,20,Lunes,False,training_dim_fecha_export.csv,2026-06-23T00:00:00,134
20240514,2024-05-14,2024,Q2,5,Mayo,20,Martes,False,training_dim_fecha_export.csv,2026-06-23T00:00:00,135
20240515,2024-05-15,2024,Q2,5,Mayo,20,Miércoles,False,training_dim_fecha_export.csv,2026-06-23T00:00:00,136
20240516,2024-05-16,2024,Q2,5,Mayo,20,Jueves,False,training_dim_fecha_export.csv,2026-06-23T00:00:00,137
20240517,2024-05-17,2024,Q2,5,Mayo,20,Viernes,False,training_dim_fecha_export.csv,2026-06-23T00:00:00,138
20240518,2024-05-18,2024,Q2,5,Mayo,20,Sábado,True,training_dim_fecha_export.csv,2026-06-23T00:00:00,139
20240519,2024-05-19,2024,Q2,5,Mayo,20,Domingo,True,training_dim_fecha_export.csv,2026-06-23T00:00:00,140
20240520,2024-05-20,2024,Q2,5,Mayo,21,Lunes,False,training_dim_fecha_export.csv,2026-06-23T00:00:00,141
20240521,2024-05-21,2024,Q2,5,Mayo,21,Martes,False,training_dim_fecha_export.csv,2026-06-23T00:00:00,142
20240522,2024-05-22,2024,Q2,5,Mayo,21,Miércoles,False,training_dim_fecha_export.csv,2026-06-23T00:00:00,143
20240523,2024-05-23,2024,Q2,5,Mayo,21,Jueves,False,training_dim_fecha_export.csv,2026-06-23T00:00:00,144
20240524,2024-05-24,2024,Q2,5,Mayo,21,Viernes,False,training_dim_fecha_export.csv,2026-06-23T00:00:00,145
20240525,2024-05-25,2024,Q2,5,Mayo,21,Sábado,True,training_dim_fecha_export.csv,2026-06-23T00:00:00,146
20240526,2024-05-26,2024,Q2,5,Mayo,21,Domingo,True,training_dim_fecha_export.csv,2026-06-23T00:00:00,147
20240527,2024-05-27,2024,Q2,5,Mayo,22,Lunes,False,training_dim_fecha_export.csv,2026-06-23T00:00:00,148
20240528,2024-05-28,2024,Q2,5,Mayo,22,Martes,False,training_dim_fecha_export.csv,2026-06-23T00:00:00,149
20240529,2024-05-29,2024,Q2,5,Mayo,22,Miércoles,False,training_dim_fecha_export.csv,2026-06-23T00:00:00,150
20240530,2024-05-30,2024,Q2,5,Mayo,22,Jueves,False,training_dim_fecha_export.csv,2026-06-23T00:00:00,151
20240531,2024-05-31,2024,Q2,5,Mayo,22,Viernes,False,training_dim_fecha_export.csv,2026-06-23T00:00:00,152
20240601,2024-06-01,2024,Q2,6,Junio,22,Sábado,True,training_dim_fecha_export.csv,2026-06-23T00:00:00,153
20240602,2024-06-02,2024,Q2,6,Junio,22,Domingo,True,training_dim_fecha_export.csv,2026-06-23T00:00:00,154
20240603,2024-06-03,2024,Q2,6,Junio,23,Lunes,False,training_dim_fecha_export.csv,2026-06-23T00:00:00,155
20240604,2024-06-04,2024,Q2,6,Junio,23,Martes,False,training_dim_fecha_export.csv,2026-06-23T00:00:00,156
20240605,2024-06-05,2024,Q2,6,Junio,23,Miércoles,False,training_dim_fecha_export.csv,2026-06-23T00:00:00,157
20240606,2024-06-06,2024,Q2,6,Junio,23,Jueves,False,training_dim_fecha_export.csv,2026-06-23T00:00:00,158
20240607,2024-06-07,2024,Q2,6,Junio,23,Viernes,False,training_dim_fecha_export.csv,2026-06-23T00:00:00,159
20240608,2024-06-08,2024,Q2,6,Junio,23,Sábado,True,training_dim_fecha_export.csv,2026-06-23T00:00:00,160
20240609,2024-06-09,2024,Q2,6,Junio,23,Domingo,True,training_dim_fecha_export.csv,2026-06-23T00:00:00,161
20240610,2024-06-10,2024,Q2,6,Junio,24,Lunes,False,training_dim_fecha_export.csv,2026-06-23T00:00:00,162
20240611,2024-06-11,2024,Q2,6,Junio,24,Martes,False,training_dim_fecha_export.csv,2026-06-23T00:00:00,163
20240612,2024-06-12,2024,Q2,6,Junio,24,Miércoles,False,training_dim_fecha_export.csv,2026-06-23T00:00:00,164
20240613,2024-06-13,2024,Q2,6,Junio,24,Jueves,False,training_dim_fecha_export.csv,2026-06-23T00:00:00,165
20240614,2024-06-14,2024,Q2,6,Junio,24,Viernes,False,training_dim_fecha_export.csv,2026-06-23T00:00:00,166
20240615,2024-06-15,2024,Q2,6,Junio,24,Sábado,True,training_dim_fecha_export.csv,2026-06-23T00:00:00,167
20240616,2024-06-16,2024,Q2,6,Junio,24,Domingo,True,training_dim_fecha_export.csv,2026-06-23T00:00:00,168
20240617,2024-06-17,2024,Q2,6,Junio,25,Lunes,False,training_dim_fecha_export.csv,2026-06-23T00:00:00,169
20240618,2024-06-18,2024,Q2,6,Junio,25,Martes,False,training_dim_fecha_export.csv,2026-06-23T00:00:00,170
20240619,2024-06-19,2024,Q2,6,Junio,25,Miércoles,False,training_dim_fecha_export.csv,2026-06-23T00:00:00,171
20240620,2024-06-20,2024,Q2,6,Junio,25,Jueves,False,training_dim_fecha_export.csv,2026-06-23T00:00:00,172
20240621,2024-06-21,2024,Q2,6,Junio,25,Viernes,False,training_dim_fecha_export.csv,2026-06-23T00:00:00,173
20240622,2024-06-22,2024,Q2,6,Junio,25,Sábado,True,training_dim_fecha_export.csv,2026-06-23T00:00:00,174
20240623,2024-06-23,2024,Q2,6,Junio,25,Domingo,True,training_dim_fecha_export.csv,2026-06-23T00:00:00,175
20240624,2024-06-24,2024,Q2,6,Junio,26,Lunes,False,training_dim_fecha_export.csv,2026-06-23T00:00:00,176
20240625,2024-06-25,2024,Q2,6,Junio,26,Martes,False,training_dim_fecha_export.csv,2026-06-23T00:00:00,177
20240626,2024-06-26,2024,Q2,6,Junio,26,Miércoles,False,training_dim_fecha_export.csv,2026-06-23T00:00:00,178
20240627,2024-06-27,2024,Q2,6,Junio,26,Jueves,False,training_dim_fecha_export.csv,2026-06-23T00:00:00,179
20240628,2024-06-28,2024,Q2,6,Junio,26,Viernes,False,training_dim_fecha_export.csv,2026-06-23T00:00:00,180
20240629,2024-06-29,2024,Q2,6,Junio,26,Sábado,True,training_dim_fecha_export.csv,2026-06-23T00:00:00,181
20240630,2024-06-30,2024,Q2,6,Junio,26,Domingo,True,training_dim_fecha_export.csv,2026-06-23T00:00:00,182
20240701,2024-07-01,2024,Q3,7,Julio,27,Lunes,False,training_dim_fecha_export.csv,2026-06-23T00:00:00,183
20240702,2024-07-02,2024,Q3,7,Julio,27,Martes,False,training_dim_fecha_export.csv,2026-06-23T00:00:00,184
20240703,2024-07-03,2024,Q3,7,Julio,27,Miércoles,False,training_dim_fecha_export.csv,2026-06-23T00:00:00,185
20240704,2024-07-04,2024,Q3,7,Julio,27,Jueves,False,training_dim_fecha_export.csv,2026-06-23T00:00:00,186
20240705,2024-07-05,2024,Q3,7,Julio,27,Viernes,False,training_dim_fecha_export.csv,2026-06-23T00:00:00,187
20240706,2024-07-06,2024,Q3,7,Julio,27,Sábado,True,training_dim_fecha_export.csv,2026-06-23T00:00:00,188
20240707,2024-07-07,2024,Q3,7,Julio,27,Domingo,True,training_dim_fecha_export.csv,2026-06-23T00:00:00,189
20240708,2024-07-08,2024,Q3,7,Julio,28,Lunes,False,training_dim_fecha_export.csv,2026-06-23T00:00:00,190
20240709,2024-07-09,2024,Q3,7,Julio,28,Martes,False,training_dim_fecha_export.csv,2026-06-23T00:00:00,191
20240710,2024-07-10,2024,Q3,7,Julio,28,Miércoles,False,training_dim_fecha_export.csv,2026-06-23T00:00:00,192
20240711,2024-07-11,2024,Q3,7,Julio,28,Jueves,False,training_dim_fecha_export.csv,2026-06-23T00:00:00,193
20240712,2024-07-12,2024,Q3,7,Julio,28,Viernes,False,training_dim_fecha_export.csv,2026-06-23T00:00:00,194
20240713,2024-07-13,2024,Q3,7,Julio,28,Sábado,True,training_dim_fecha_export.csv,2026-06-23T00:00:00,195
20240714,2024-07-14,2024,Q3,7,Julio,28,Domingo,True,training_dim_fecha_export.csv,2026-06-23T00:00:00,196
20240715,2024-07-15,2024,Q3,7,Julio,29,Lunes,False,training_dim_fecha_export.csv,2026-06-23T00:00:00,197
20240716,2024-07-16,2024,Q3,7,Julio,29,Martes,False,training_dim_fecha_export.csv,2026-06-23T00:00:00,198
20240717,2024-07-17,2024,Q3,7,Julio,29,Miércoles,False,training_dim_fecha_export.csv,2026-06-23T00:00:00,199
20240718,2024-07-18,2024,Q3,7,Julio,29,Jueves,False,training_dim_fecha_export.csv,2026-06-23T00:00:00,200
20240719,2024-07-19,2024,Q3,7,Julio,29,Viernes,False,training_dim_fecha_export.csv,2026-06-23T00:00:00,201
20240720,2024-07-20,2024,Q3,7,Julio,29,Sábado,True,training_dim_fecha_export.csv,2026-06-23T00:00:00,202
20240721,2024-07-21,2024,Q3,7,Julio,29,Domingo,True,training_dim_fecha_export.csv,2026-06-23T00:00:00,203
20240722,2024-07-22,2024,Q3,7,Julio,30,Lunes,False,training_dim_fecha_export.csv,2026-06-23T00:00:00,204
20240723,2024-07-23,2024,Q3,7,Julio,30,Martes,False,training_dim_fecha_export.csv,2026-06-23T00:00:00,205
20240724,2024-07-24,2024,Q3,7,Julio,30,Miércoles,False,training_dim_fecha_export.csv,2026-06-23T00:00:00,206
20240725,2024-07-25,2024,Q3,7,Julio,30,Jueves,False,training_dim_fecha_export.csv,2026-06-23T00:00:00,207
20240726,2024-07-26,2024,Q3,7,Julio,30,Viernes,False,training_dim_fecha_export.csv,2026-06-23T00:00:00,208
20240727,2024-07-27,2024,Q3,7,Julio,30,Sábado,True,training_dim_fecha_export.csv,2026-06-23T00:00:00,209
20240728,2024-07-28,2024,Q3,7,Julio,30,Domingo,True,training_dim_fecha_export.csv,2026-06-23T00:00:00,210
20240729,2024-07-29,2024,Q3,7,Julio,31,Lunes,False,training_dim_fecha_export.csv,2026-06-23T00:00:00,211
20240730,2024-07-30,2024,Q3,7,Julio,31,Martes,False,training_dim_fecha_export.csv,2026-06-23T00:00:00,212
20240731,2024-07-31,2024,Q3,7,Julio,31,Miércoles,False,training_dim_fecha_export.csv,2026-06-23T00:00:00,213
20240801,2024-08-01,2024,Q3,8,Agosto,31,Jueves,False,training_dim_fecha_export.csv,2026-06-23T00:00:00,214
20240802,2024-08-02,2024,Q3,8,Agosto,31,Viernes,False,training_dim_fecha_export.csv,2026-06-23T00:00:00,215
20240803,2024-08-03,2024,Q3,8,Agosto,31,Sábado,True,training_dim_fecha_export.csv,2026-06-23T00:00:00,216
20240804,2024-08-04,2024,Q3,8,Agosto,31,Domingo,True,training_dim_fecha_export.csv,2026-06-23T00:00:00,217
20240805,2024-08-05,2024,Q3,8,Agosto,32,Lunes,False,training_dim_fecha_export.csv,2026-06-23T00:00:00,218
20240806,2024-08-06,2024,Q3,8,Agosto,32,Martes,False,training_dim_fecha_export.csv,2026-06-23T00:00:00,219
20240807,2024-08-07,2024,Q3,8,Agosto,32,Miércoles,False,training_dim_fecha_export.csv,2026-06-23T00:00:00,220
20240808,2024-08-08,2024,Q3,8,Agosto,32,Jueves,False,training_dim_fecha_export.csv,2026-06-23T00:00:00,221
20240809,2024-08-09,2024,Q3,8,Agosto,32,Viernes,False,training_dim_fecha_export.csv,2026-06-23T00:00:00,222
20240810,2024-08-10,2024,Q3,8,Agosto,32,Sábado,True,training_dim_fecha_export.csv,2026-06-23T00:00:00,223
20240811,2024-08-11,2024,Q3,8,Agosto,32,Domingo,True,training_dim_fecha_export.csv,2026-06-23T00:00:00,224
20240812,2024-08-12,2024,Q3,8,Agosto,33,Lunes,False,training_dim_fecha_export.csv,2026-06-23T00:00:00,225
20240813,2024-08-13,2024,Q3,8,Agosto,33,Martes,False,training_dim_fecha_export.csv,2026-06-23T00:00:00,226
20240814,2024-08-14,2024,Q3,8,Agosto,33,Miércoles,False,training_dim_fecha_export.csv,2026-06-23T00:00:00,227
20240815,2024-08-15,2024,Q3,8,Agosto,33,Jueves,False,training_dim_fecha_export.csv,2026-06-23T00:00:00,228
20240816,2024-08-16,2024,Q3,8,Agosto,33,Viernes,False,training_dim_fecha_export.csv,2026-06-23T00:00:00,229
20240817,2024-08-17,2024,Q3,8,Agosto,33,Sábado,True,training_dim_fecha_export.csv,2026-06-23T00:00:00,230
20240818,2024-08-18,2024,Q3,8,Agosto,33,Domingo,True,training_dim_fecha_export.csv,2026-06-23T00:00:00,231
20240819,2024-08-19,2024,Q3,8,Agosto,34,Lunes,False,training_dim_fecha_export.csv,2026-06-23T00:00:00,232
20240820,2024-08-20,2024,Q3,8,Agosto,34,Martes,False,training_dim_fecha_export.csv,2026-06-23T00:00:00,233
20240821,2024-08-21,2024,Q3,8,Agosto,34,Miércoles,False,training_dim_fecha_export.csv,2026-06-23T00:00:00,234
20240822,2024-08-22,2024,Q3,8,Agosto,34,Jueves,False,training_dim_fecha_export.csv,2026-06-23T00:00:00,235
20240823,2024-08-23,2024,Q3,8,Agosto,34,Viernes,False,training_dim_fecha_export.csv,2026-06-23T00:00:00,236
20240824,2024-08-24,2024,Q3,8,Agosto,34,Sábado,True,training_dim_fecha_export.csv,2026-06-23T00:00:00,237
20240825,2024-08-25,2024,Q3,8,Agosto,34,Domingo,True,training_dim_fecha_export.csv,2026-06-23T00:00:00,238
20240826,2024-08-26,2024,Q3,8,Agosto,35,Lunes,False,training_dim_fecha_export.csv,2026-06-23T00:00:00,239
20240827,2024-08-27,2024,Q3,8,Agosto,35,Martes,False,training_dim_fecha_export.csv,2026-06-23T00:00:00,240
20240828,2024-08-28,2024,Q3,8,Agosto,35,Miércoles,False,training_dim_fecha_export.csv,2026-06-23T00:00:00,241
20240829,2024-08-29,2024,Q3,8,Agosto,35,Jueves,False,training_dim_fecha_export.csv,2026-06-23T00:00:00,242
20240830,2024-08-30,2024,Q3,8,Agosto,35,Viernes,False,training_dim_fecha_export.csv,2026-06-23T00:00:00,243
20240831,2024-08-31,2024,Q3,8,Agosto,35,Sábado,True,training_dim_fecha_export.csv,2026-06-23T00:00:00,244
20240901,2024-09-01,2024,Q3,9,Septiembre,35,Domingo,True,training_dim_fecha_export.csv,2026-06-23T00:00:00,245
20240902,2024-09-02,2024,Q3,9,Septiembre,36,Lunes,False,training_dim_fecha_export.csv,2026-06-23T00:00:00,246
20240903,2024-09-03,2024,Q3,9,Septiembre,36,Martes,False,training_dim_fecha_export.csv,2026-06-23T00:00:00,247
20240904,2024-09-04,2024,Q3,9,Septiembre,36,Miércoles,False,training_dim_fecha_export.csv,2026-06-23T00:00:00,248
20240905,2024-09-05,2024,Q3,9,Septiembre,36,Jueves,False,training_dim_fecha_export.csv,2026-06-23T00:00:00,249
20240906,2024-09-06,2024,Q3,9,Septiembre,36,Viernes,False,training_dim_fecha_export.csv,2026-06-23T00:00:00,250
20240907,2024-09-07,2024,Q3,9,Septiembre,36,Sábado,True,training_dim_fecha_export.csv,2026-06-23T00:00:00,251
20240908,2024-09-08,2024,Q3,9,Septiembre,36,Domingo,True,training_dim_fecha_export.csv,2026-06-23T00:00:00,252
20240909,2024-09-09,2024,Q3,9,Septiembre,37,Lunes,False,training_dim_fecha_export.csv,2026-06-23T00:00:00,253
20240910,2024-09-10,2024,Q3,9,Septiembre,37,Martes,False,training_dim_fecha_export.csv,2026-06-23T00:00:00,254
20240911,2024-09-11,2024,Q3,9,Septiembre,37,Miércoles,False,training_dim_fecha_export.csv,2026-06-23T00:00:00,255
20240912,2024-09-12,2024,Q3,9,Septiembre,37,Jueves,False,training_dim_fecha_export.csv,2026-06-23T00:00:00,256
20240913,2024-09-13,2024,Q3,9,Septiembre,37,Viernes,False,training_dim_fecha_export.csv,2026-06-23T00:00:00,257
20240914,2024-09-14,2024,Q3,9,Septiembre,37,Sábado,True,training_dim_fecha_export.csv,2026-06-23T00:00:00,258
20240915,2024-09-15,2024,Q3,9,Septiembre,37,Domingo,True,training_dim_fecha_export.csv,2026-06-23T00:00:00,259
20240916,2024-09-16,2024,Q3,9,Septiembre,38,Lunes,False,training_dim_fecha_export.csv,2026-06-23T00:00:00,260
20240917,2024-09-17,2024,Q3,9,Septiembre,38,Martes,False,training_dim_fecha_export.csv,2026-06-23T00:00:00,261
20240918,2024-09-18,2024,Q3,9,Septiembre,38,Miércoles,False,training_dim_fecha_export.csv,2026-06-23T00:00:00,262
20240919,2024-09-19,2024,Q3,9,Septiembre,38,Jueves,False,training_dim_fecha_export.csv,2026-06-23T00:00:00,263
20240920,2024-09-20,2024,Q3,9,Septiembre,38,Viernes,False,training_dim_fecha_export.csv,2026-06-23T00:00:00,264
20240921,2024-09-21,2024,Q3,9,Septiembre,38,Sábado,True,training_dim_fecha_export.csv,2026-06-23T00:00:00,265
20240922,2024-09-22,2024,Q3,9,Septiembre,38,Domingo,True,training_dim_fecha_export.csv,2026-06-23T00:00:00,266
20240923,2024-09-23,2024,Q3,9,Septiembre,39,Lunes,False,training_dim_fecha_export.csv,2026-06-23T00:00:00,267
20240924,2024-09-24,2024,Q3,9,Septiembre,39,Martes,False,training_dim_fecha_export.csv,2026-06-23T00:00:00,268
20240925,2024-09-25,2024,Q3,9,Septiembre,39,Miércoles,False,training_dim_fecha_export.csv,2026-06-23T00:00:00,269
20240926,2024-09-26,2024,Q3,9,Septiembre,39,Jueves,False,training_dim_fecha_export.csv,2026-06-23T00:00:00,270
20240927,2024-09-27,2024,Q3,9,Septiembre,39,Viernes,False,training_dim_fecha_export.csv,2026-06-23T00:00:00,271
20240928,2024-09-28,2024,Q3,9,Septiembre,39,Sábado,True,training_dim_fecha_export.csv,2026-06-23T00:00:00,272
20240929,2024-09-29,2024,Q3,9,Septiembre,39,Domingo,True,training_dim_fecha_export.csv,2026-06-23T00:00:00,273
20240930,2024-09-30,2024,Q3,9,Septiembre,40,Lunes,False,training_dim_fecha_export.csv,2026-06-23T00:00:00,274
20241001,2024-10-01,2024,Q4,10,Octubre,40,Martes,False,training_dim_fecha_export.csv,2026-06-23T00:00:00,275
20241002,2024-10-02,2024,Q4,10,Octubre,40,Miércoles,False,training_dim_fecha_export.csv,2026-06-23T00:00:00,276
20241003,2024-10-03,2024,Q4,10,Octubre,40,Jueves,False,training_dim_fecha_export.csv,2026-06-23T00:00:00,277
20241004,2024-10-04,2024,Q4,10,Octubre,40,Viernes,False,training_dim_fecha_export.csv,2026-06-23T00:00:00,278
20241005,2024-10-05,2024,Q4,10,Octubre,40,Sábado,True,training_dim_fecha_export.csv,2026-06-23T00:00:00,279
20241006,2024-10-06,2024,Q4,10,Octubre,40,Domingo,True,training_dim_fecha_export.csv,2026-06-23T00:00:00,280
20241007,2024-10-07,2024,Q4,10,Octubre,41,Lunes,False,training_dim_fecha_export.csv,2026-06-23T00:00:00,281
20241008,2024-10-08,2024,Q4,10,Octubre,41,Martes,False,training_dim_fecha_export.csv,2026-06-23T00:00:00,282
20241009,2024-10-09,2024,Q4,10,Octubre,41,Miércoles,False,training_dim_fecha_export.csv,2026-06-23T00:00:00,283
20241010,2024-10-10,2024,Q4,10,Octubre,41,Jueves,False,training_dim_fecha_export.csv,2026-06-23T00:00:00,284
20241011,2024-10-11,2024,Q4,10,Octubre,41,Viernes,False,training_dim_fecha_export.csv,2026-06-23T00:00:00,285
20241012,2024-10-12,2024,Q4,10,Octubre,41,Sábado,True,training_dim_fecha_export.csv,2026-06-23T00:00:00,286
20241013,2024-10-13,2024,Q4,10,Octubre,41,Domingo,True,training_dim_fecha_export.csv,2026-06-23T00:00:00,287
20241014,2024-10-14,2024,Q4,10,Octubre,42,Lunes,False,training_dim_fecha_export.csv,2026-06-23T00:00:00,288
20241015,2024-10-15,2024,Q4,10,Octubre,42,Martes,False,training_dim_fecha_export.csv,2026-06-23T00:00:00,289
20241016,2024-10-16,2024,Q4,10,Octubre,42,Miércoles,False,training_dim_fecha_export.csv,2026-06-23T00:00:00,290
20241017,2024-10-17,2024,Q4,10,Octubre,42,Jueves,False,training_dim_fecha_export.csv,2026-06-23T00:00:00,291
20241018,2024-10-18,2024,Q4,10,Octubre,42,Viernes,False,training_dim_fecha_export.csv,2026-06-23T00:00:00,292
20241019,2024-10-19,2024,Q4,10,Octubre,42,Sábado,True,training_dim_fecha_export.csv,2026-06-23T00:00:00,293
20241020,2024-10-20,2024,Q4,10,Octubre,42,Domingo,True,training_dim_fecha_export.csv,2026-06-23T00:00:00,294
20241021,2024-10-21,2024,Q4,10,Octubre,43,Lunes,False,training_dim_fecha_export.csv,2026-06-23T00:00:00,295
20241022,2024-10-22,2024,Q4,10,Octubre,43,Martes,False,training_dim_fecha_export.csv,2026-06-23T00:00:00,296
20241023,2024-10-23,2024,Q4,10,Octubre,43,Miércoles,False,training_dim_fecha_export.csv,2026-06-23T00:00:00,297
20241024,2024-10-24,2024,Q4,10,Octubre,43,Jueves,False,training_dim_fecha_export.csv,2026-06-23T00:00:00,298
20241025,2024-10-25,2024,Q4,10,Octubre,43,Viernes,False,training_dim_fecha_export.csv,2026-06-23T00:00:00,299
20241026,2024-10-26,2024,Q4,10,Octubre,43,Sábado,True,training_dim_fecha_export.csv,2026-06-23T00:00:00,300
20241027,2024-10-27,2024,Q4,10,Octubre,43,Domingo,True,training_dim_fecha_export.csv,2026-06-23T00:00:00,301
20241028,2024-10-28,2024,Q4,10,Octubre,44,Lunes,False,training_dim_fecha_export.csv,2026-06-23T00:00:00,302
20241029,2024-10-29,2024,Q4,10,Octubre,44,Martes,False,training_dim_fecha_export.csv,2026-06-23T00:00:00,303
20241030,2024-10-30,2024,Q4,10,Octubre,44,Miércoles,False,training_dim_fecha_export.csv,2026-06-23T00:00:00,304
20241031,2024-10-31,2024,Q4,10,Octubre,44,Jueves,False,training_dim_fecha_export.csv,2026-06-23T00:00:00,305
20241101,2024-11-01,2024,Q4,11,Noviembre,44,Viernes,False,training_dim_fecha_export.csv,2026-06-23T00:00:00,306
20241102,2024-11-02,2024,Q4,11,Noviembre,44,Sábado,True,training_dim_fecha_export.csv,2026-06-23T00:00:00,307
20241103,2024-11-03,2024,Q4,11,Noviembre,44,Domingo,True,training_dim_fecha_export.csv,2026-06-23T00:00:00,308
20241104,2024-11-04,2024,Q4,11,Noviembre,45,Lunes,False,training_dim_fecha_export.csv,2026-06-23T00:00:00,309
20241105,2024-11-05,2024,Q4,11,Noviembre,45,Martes,False,training_dim_fecha_export.csv,2026-06-23T00:00:00,310
20241106,2024-11-06,2024,Q4,11,Noviembre,45,Miércoles,False,training_dim_fecha_export.csv,2026-06-23T00:00:00,311
20241107,2024-11-07,2024,Q4,11,Noviembre,45,Jueves,False,training_dim_fecha_export.csv,2026-06-23T00:00:00,312
20241108,2024-11-08,2024,Q4,11,Noviembre,45,Viernes,False,training_dim_fecha_export.csv,2026-06-23T00:00:00,313
20241109,2024-11-09,2024,Q4,11,Noviembre,45,Sábado,True,training_dim_fecha_export.csv,2026-06-23T00:00:00,314
20241110,2024-11-10,2024,Q4,11,Noviembre,45,Domingo,True,training_dim_fecha_export.csv,2026-06-23T00:00:00,315
20241111,2024-11-11,2024,Q4,11,Noviembre,46,Lunes,False,training_dim_fecha_export.csv,2026-06-23T00:00:00,316
20241112,2024-11-12,2024,Q4,11,Noviembre,46,Martes,False,training_dim_fecha_export.csv,2026-06-23T00:00:00,317
20241113,2024-11-13,2024,Q4,11,Noviembre,46,Miércoles,False,training_dim_fecha_export.csv,2026-06-23T00:00:00,318
20241114,2024-11-14,2024,Q4,11,Noviembre,46,Jueves,False,training_dim_fecha_export.csv,2026-06-23T00:00:00,319
20241115,2024-11-15,2024,Q4,11,Noviembre,46,Viernes,False,training_dim_fecha_export.csv,2026-06-23T00:00:00,320
20241116,2024-11-16,2024,Q4,11,Noviembre,46,Sábado,True,training_dim_fecha_export.csv,2026-06-23T00:00:00,321
20241117,2024-11-17,2024,Q4,11,Noviembre,46,Domingo,True,training_dim_fecha_export.csv,2026-06-23T00:00:00,322
20241118,2024-11-18,2024,Q4,11,Noviembre,47,Lunes,False,training_dim_fecha_export.csv,2026-06-23T00:00:00,323
20241119,2024-11-19,2024,Q4,11,Noviembre,47,Martes,False,training_dim_fecha_export.csv,2026-06-23T00:00:00,324
20241120,2024-11-20,2024,Q4,11,Noviembre,47,Miércoles,False,training_dim_fecha_export.csv,2026-06-23T00:00:00,325
20241121,2024-11-21,2024,Q4,11,Noviembre,47,Jueves,False,training_dim_fecha_export.csv,2026-06-23T00:00:00,326
20241122,2024-11-22,2024,Q4,11,Noviembre,47,Viernes,False,training_dim_fecha_export.csv,2026-06-23T00:00:00,327
20241123,2024-11-23,2024,Q4,11,Noviembre,47,Sábado,True,training_dim_fecha_export.csv,2026-06-23T00:00:00,328
20241124,2024-11-24,2024,Q4,11,Noviembre,47,Domingo,True,training_dim_fecha_export.csv,2026-06-23T00:00:00,329
20241125,2024-11-25,2024,Q4,11,Noviembre,48,Lunes,False,training_dim_fecha_export.csv,2026-06-23T00:00:00,330
20241126,2024-11-26,2024,Q4,11,Noviembre,48,Martes,False,training_dim_fecha_export.csv,2026-06-23T00:00:00,331
20241127,2024-11-27,2024,Q4,11,Noviembre,48,Miércoles,False,training_dim_fecha_export.csv,2026-06-23T00:00:00,332
20241128,2024-11-28,2024,Q4,11,Noviembre,48,Jueves,False,training_dim_fecha_export.csv,2026-06-23T00:00:00,333
20241129,2024-11-29,2024,Q4,11,Noviembre,48,Viernes,False,training_dim_fecha_export.csv,2026-06-23T00:00:00,334
20241130,2024-11-30,2024,Q4,11,Noviembre,48,Sábado,True,training_dim_fecha_export.csv,2026-06-23T00:00:00,335
20241201,2024-12-01,2024,Q4,12,Diciembre,48,Domingo,True,training_dim_fecha_export.csv,2026-06-23T00:00:00,336
20241202,2024-12-02,2024,Q4,12,Diciembre,49,Lunes,False,training_dim_fecha_export.csv,2026-06-23T00:00:00,337
20241203,2024-12-03,2024,Q4,12,Diciembre,49,Martes,False,training_dim_fecha_export.csv,2026-06-23T00:00:00,338
20241204,2024-12-04,2024,Q4,12,Diciembre,49,Miércoles,False,training_dim_fecha_export.csv,2026-06-23T00:00:00,339
20241205,2024-12-05,2024,Q4,12,Diciembre,49,Jueves,False,training_dim_fecha_export.csv,2026-06-23T00:00:00,340
20241206,2024-12-06,2024,Q4,12,Diciembre,49,Viernes,False,training_dim_fecha_export.csv,2026-06-23T00:00:00,341
20241207,2024-12-07,2024,Q4,12,Diciembre,49,Sábado,True,training_dim_fecha_export.csv,2026-06-23T00:00:00,342
20241208,2024-12-08,2024,Q4,12,Diciembre,49,Domingo,True,training_dim_fecha_export.csv,2026-06-23T00:00:00,343
20241209,2024-12-09,2024,Q4,12,Diciembre,50,Lunes,False,training_dim_fecha_export.csv,2026-06-23T00:00:00,344
20241210,2024-12-10,2024,Q4,12,Diciembre,50,Martes,False,training_dim_fecha_export.csv,2026-06-23T00:00:00,345
20241211,2024-12-11,2024,Q4,12,Diciembre,50,Miércoles,False,training_dim_fecha_export.csv,2026-06-23T00:00:00,346
20241212,2024-12-12,2024,Q4,12,Diciembre,50,Jueves,False,training_dim_fecha_export.csv,2026-06-23T00:00:00,347
20241213,2024-12-13,2024,Q4,12,Diciembre,50,Viernes,False,training_dim_fecha_export.csv,2026-06-23T00:00:00,348
20241214,2024-12-14,2024,Q4,12,Diciembre,50,Sábado,True,training_dim_fecha_export.csv,2026-06-23T00:00:00,349
20241215,2024-12-15,2024,Q4,12,Diciembre,50,Domingo,True,training_dim_fecha_export.csv,2026-06-23T00:00:00,350
20241216,2024-12-16,2024,Q4,12,Diciembre,51,Lunes,False,training_dim_fecha_export.csv,2026-06-23T00:00:00,351
20241217,2024-12-17,2024,Q4,12,Diciembre,51,Martes,False,training_dim_fecha_export.csv,2026-06-23T00:00:00,352
20241218,2024-12-18,2024,Q4,12,Diciembre,51,Miércoles,False,training_dim_fecha_export.csv,2026-06-23T00:00:00,353
20241219,2024-12-19,2024,Q4,12,Diciembre,51,Jueves,False,training_dim_fecha_export.csv,2026-06-23T00:00:00,354
20241220,2024-12-20,2024,Q4,12,Diciembre,51,Viernes,False,training_dim_fecha_export.csv,2026-06-23T00:00:00,355
20241221,2024-12-21,2024,Q4,12,Diciembre,51,Sábado,True,training_dim_fecha_export.csv,2026-06-23T00:00:00,356
20241222,2024-12-22,2024,Q4,12,Diciembre,51,Domingo,True,training_dim_fecha_export.csv,2026-06-23T00:00:00,357
20241223,2024-12-23,2024,Q4,12,Diciembre,52,Lunes,False,training_dim_fecha_export.csv,2026-06-23T00:00:00,358
20241224,2024-12-24,2024,Q4,12,Diciembre,52,Martes,False,training_dim_fecha_export.csv,2026-06-23T00:00:00,359
20241225,2024-12-25,2024,Q4,12,Diciembre,52,Miércoles,False,training_dim_fecha_export.csv,2026-06-23T00:00:00,360
20241226,2024-12-26,2024,Q4,12,Diciembre,52,Jueves,False,training_dim_fecha_export.csv,2026-06-23T00:00:00,361
20241227,2024-12-27,2024,Q4,12,Diciembre,52,Viernes,False,training_dim_fecha_export.csv,2026-06-23T00:00:00,362
20241228,2024-12-28,2024,Q4,12,Diciembre,52,Sábado,True,training_dim_fecha_export.csv,2026-06-23T00:00:00,363
20241229,2024-12-29,2024,Q4,12,Diciembre,52,Domingo,True,training_dim_fecha_export.csv,2026-06-23T00:00:00,364
20241230,2024-12-30,2024,Q4,12,Diciembre,1,Lunes,False,training_dim_fecha_export.csv,2026-06-23T00:00:00,365
20241231,2024-12-31,2024,Q4,12,Diciembre,1,Martes,False,training_dim_fecha_export.csv,2026-06-23T00:00:00,366
