DateKey,AreaID,LocationID,Día,Noche,Tarde
20250101,A004,L009,28144.47,57891.75,40725.82
20250101,A005,L016,10521.539999999999,29526.36,13331.98
20250101,A006,L016,3878.61,0.0,0.0
20250101,A008,L006,1302.4,1594.63,0.0
20250101,A009,L006,0.0,0.0,2104.03
20250101,A010,L005,0.0,22753.510000000002,24053.739999999998
20250101,A012,L015,0.0,9605.880000000001,0.0
20250101,A013,L007,801.21,3014.26,8916.46
20250101,A017,L013,29029.36,20294.13,21092.27
20250102,A004,L009,29444.43,30854.3,19219.649999999998
20250102,A005,L016,9777.94,15805.369999999999,8557.0
20250102,A006,L016,1665.54,0.0,0.0
20250102,A008,L006,6854.5599999999995,0.0,12695.619999999999
20250102,A009,L006,11301.27,4940.37,1074.19
20250102,A010,L005,7731.870000000001,4815.22,11234.5
20250102,A013,L007,0.0,0.0,1006.72
20250102,A017,L013,28228.16,32863.46,27413.64
20250103,A004,L009,33114.62,36592.18,15044.2
20250103,A005,L016,13521.86,30867.29,22045.84
20250103,A006,L016,1362.99,0.0,0.0
20250103,A008,L006,0.0,15008.34,3091.22
20250103,A009,L006,0.0,0.0,4087.5299999999997
20250103,A010,L005,2391.37,4496.02,6239.4
20250103,A012,L015,0.0,9456.82,6696.81
20250103,A013,L007,0.0,6109.11,2318.37
20250103,A017,L013,3272.56,52183.240000000005,26377.0
20250104,A004,L009,35209.03,41870.41,50262.729999999996
20250104,A005,L016,17494.7,9271.4,3731.42
20250104,A006,L016,8327.36,8268.57,10990.91
20250104,A008,L006,28555.809999999998,9399.91,10463.670000000002
20250104,A009,L006,0.0,13943.39,5679.54
20250104,A010,L005,0.0,8416.46,14936.02
20250104,A012,L015,6965.4,10649.64,0.0
20250104,A013,L007,0.0,1984.53,0.0
20250104,A017,L013,12900.71,17872.01,22591.08
20250105,A004,L009,34602.11,34291.28,35827.37
20250105,A005,L016,7312.24,22543.489999999998,4578.36
20250105,A006,L016,0.0,6866.85,0.0
20250105,A008,L006,8176.89,8884.56,9735.08
20250105,A009,L006,1914.29,4833.88,6346.21
20250105,A010,L005,16301.9,10766.65,22362.010000000002
20250105,A012,L015,2076.47,0.0,4234.16
20250105,A013,L007,3067.38,0.0,15126.439999999999
20250105,A017,L013,11156.56,20107.47,45696.06
20250106,A004,L009,42369.83,14674.529999999999,20138.37
20250106,A005,L016,7886.030000000001,21273.4,21459.469999999998
20250106,A006,L016,3476.56,0.0,4022.31
20250106,A008,L006,9654.89,0.0,893.24
20250106,A009,L006,0.0,5201.41,25421.66
20250106,A010,L005,0.0,14666.25,0.0
20250106,A012,L015,0.0,0.0,8787.23
20250106,A017,L013,20331.899999999998,9427.47,13250.839999999998
20250107,A004,L009,28886.28,58376.130000000005,46809.32
20250107,A005,L016,15702.65,23251.36,22104.75
20250107,A006,L016,0.0,5360.06,5026.64
20250107,A008,L006,1948.33,7866.38,1222.48
20250107,A009,L006,0.0,1714.7,4364.65
20250107,A010,L005,8487.93,5196.84,13986.7
20250107,A012,L015,0.0,3781.78,0.0
20250107,A013,L007,9452.55,3177.93,0.0
20250107,A017,L013,0.0,12507.55,16452.65
20250108,A004,L009,19030.93,30910.59,26400.41
20250108,A005,L016,11444.19,14585.6,14427.14
20250108,A006,L016,0.0,0.0,12334.16
20250108,A008,L006,7073.099999999999,5315.95,0.0
20250108,A009,L006,10660.81,6249.1900000000005,6219.15
20250108,A010,L005,6207.38,23196.86,2289.01
20250108,A017,L013,17820.249999999996,37503.490000000005,19278.559999999998
20250109,A004,L009,62424.01,31684.85,27566.09
20250109,A005,L016,929.98,9387.6,35827.880000000005
20250109,A006,L016,11220.52,0.0,909.08
20250109,A008,L006,2380.66,17302.809999999998,2385.88
20250109,A009,L006,0.0,639.89,0.0
20250109,A010,L005,30704.510000000002,11883.29,7696.76
20250109,A012,L015,0.0,0.0,2506.36
20250109,A013,L007,0.0,5130.07,0.0
20250109,A017,L013,41859.1,9229.89,26053.29
20250110,A004,L009,24386.74,28185.2,30819.84
20250110,A005,L016,16096.39,3272.95,4396.63
20250110,A008,L006,0.0,8697.89,7365.08
20250110,A009,L006,0.0,9977.09,0.0
20250110,A010,L005,5605.9800000000005,18879.239999999998,11365.51
20250110,A012,L015,0.0,7793.79,6996.9
20250110,A013,L007,4263.91,0.0,0.0
20250110,A017,L013,20673.18,14777.8,2733.11
20250111,A004,L009,18487.78,53360.5,20359.44
20250111,A005,L016,22851.84,22187.219999999998,0.0
20250111,A006,L016,0.0,12438.72,0.0
20250111,A008,L006,0.0,12258.79,4168.41
20250111,A009,L006,0.0,0.0,6205.16
20250111,A010,L005,12555.369999999999,5792.36,5550.92
20250111,A012,L015,1583.46,0.0,2008.97
20250111,A013,L007,0.0,1082.85,0.0
20250111,A017,L013,28113.48,19113.34,21229.510000000002
20250112,A004,L009,53322.64,19229.59,15998.560000000001
20250112,A005,L016,8831.41,27470.91,772.86
20250112,A006,L016,3347.1,0.0,0.0
20250112,A008,L006,5732.34,2895.34,2541.61
20250112,A009,L006,10175.25,6405.84,0.0
20250112,A010,L005,1932.22,15241.529999999999,15418.7
20250112,A012,L015,1378.59,6631.53,3679.19
20250112,A013,L007,3724.67,2053.27,0.0
20250112,A017,L013,33253.82,24750.09,8686.86
20250113,A004,L009,55151.96,37271.7,47072.72
20250113,A005,L016,14094.31,3489.88,2983.01
20250113,A006,L016,6467.16,3643.93,14532.82
20250113,A008,L006,6884.59,6501.950000000001,3695.8
20250113,A009,L006,9618.84,0.0,0.0
20250113,A010,L005,4476.34,12001.539999999999,14349.099999999999
20250113,A012,L015,0.0,9209.88,0.0
20250113,A013,L007,3206.46,4017.37,954.24
20250113,A017,L013,22814.02,26755.64,13660.44
20250114,A004,L009,25697.95,16302.6,42083.29
20250114,A005,L016,11726.970000000001,19626.68,15327.51
20250114,A006,L016,3285.22,0.0,0.0
20250114,A008,L006,10936.42,2138.91,0.0
20250114,A009,L006,0.0,4013.74,4711.29
20250114,A010,L005,10365.08,12059.439999999999,1488.3
20250114,A012,L015,0.0,0.0,7695.91
20250114,A013,L007,8601.32,0.0,0.0
20250114,A017,L013,12263.94,8067.26,17921.16
20250115,A004,L009,54872.69,21604.75,22470.4
20250115,A005,L016,16029.7,19048.79,7187.55
20250115,A006,L016,2815.35,7749.57,0.0
20250115,A008,L006,16494.55,0.0,7121.87
20250115,A009,L006,3447.49,0.0,4731.14
20250115,A010,L005,1502.33,14757.46,8326.81
20250115,A012,L015,0.0,0.0,6534.04
20250115,A013,L007,0.0,2198.28,8356.08
20250115,A017,L013,10527.76,34874.3,24447.26
20250116,A004,L009,35700.59,51838.04,28411.940000000002
20250116,A005,L016,2077.4,12451.09,17508.93
20250116,A008,L006,3809.54,24206.72,24555.199999999997
20250116,A009,L006,0.0,11909.5,0.0
20250116,A010,L005,20266.04,13846.26,12705.8
20250116,A012,L015,3115.43,0.0,0.0
20250116,A013,L007,3029.85,3970.9,0.0
20250116,A017,L013,7912.76,16033.029999999999,56359.68
20250117,A004,L009,45559.83,54568.42,35468.83
20250117,A005,L016,6242.99,10012.34,3575.87
20250117,A006,L016,0.0,2706.87,2979.77
20250117,A008,L006,4548.62,4038.21,7306.03
20250117,A009,L006,0.0,15892.73,4535.87
20250117,A010,L005,2089.42,6017.07,3228.0299999999997
20250117,A013,L007,0.0,5490.74,0.0
20250117,A017,L013,36137.35,17536.42,10054.279999999999
20250118,A004,L009,35325.6,26657.46,22458.01
20250118,A005,L016,20756.16,5868.77,9488.73
20250118,A006,L016,3475.83,0.0,1503.24
20250118,A009,L006,0.0,0.0,5477.23
20250118,A010,L005,0.0,1913.52,22149.11
20250118,A012,L015,3928.04,5489.84,0.0
20250118,A013,L007,8441.63,0.0,4010.33
20250118,A017,L013,10352.01,1003.66,36830.21
20250119,A004,L009,36349.47,5023.4800000000005,16135.37
20250119,A005,L016,5552.33,20463.56,15716.98
20250119,A006,L016,8943.85,1663.24,0.0
20250119,A008,L006,8520.3,17090.9,11043.78
20250119,A010,L005,15474.52,2832.0,13531.25
20250119,A012,L015,0.0,2220.79,7824.0
20250119,A013,L007,2271.71,15837.46,494.89
20250119,A017,L013,20839.85,11018.35,33325.22
20250120,A004,L009,37624.979999999996,41163.22,26556.21
20250120,A005,L016,1519.26,1909.03,7270.09
20250120,A006,L016,0.0,9918.49,9436.650000000001
20250120,A008,L006,11453.08,6537.49,17911.72
20250120,A009,L006,0.0,11109.509999999998,0.0
20250120,A010,L005,435.44,7814.530000000001,1560.66
20250120,A012,L015,0.0,5226.05,0.0
20250120,A013,L007,0.0,2033.79,0.0
20250120,A017,L013,16795.9,37153.9,8247.869999999999
20250121,A004,L009,35655.36,23697.32,26792.420000000002
20250121,A005,L016,5737.82,7624.64,3197.11
20250121,A006,L016,0.0,0.0,11028.92
20250121,A008,L006,7284.79,4803.27,7269.34
20250121,A009,L006,0.0,4404.88,0.0
20250121,A010,L005,11235.29,12302.57,0.0
20250121,A012,L015,0.0,5748.02,0.0
20250121,A013,L007,670.77,0.0,14596.3
20250121,A017,L013,31477.28,28595.91,32364.960000000003
20250122,A004,L009,52380.06,19438.22,39216.57
20250122,A005,L016,12368.41,6344.54,8620.27
20250122,A006,L016,0.0,7362.75,0.0
20250122,A008,L006,2726.6,5488.91,2498.53
20250122,A009,L006,0.0,0.0,3272.36
20250122,A010,L005,4688.1900000000005,0.0,12524.15
20250122,A012,L015,5422.14,0.0,4821.0
20250122,A013,L007,0.0,6704.39,15722.419999999998
20250122,A017,L013,31094.03,20755.65,16459.53
20250123,A004,L009,12465.79,12716.7,20703.519999999997
20250123,A005,L016,39129.15,12017.29,9692.71
20250123,A006,L016,7738.48,0.0,0.0
20250123,A008,L006,4323.44,0.0,10593.900000000001
20250123,A009,L006,1923.9299999999998,8098.72,0.0
20250123,A010,L005,5792.85,15580.92,5705.469999999999
20250123,A012,L015,3028.36,0.0,6895.780000000001
20250123,A013,L007,2676.84,5669.19,2955.91
20250123,A017,L013,37119.66,38635.55,25588.2
20250124,A004,L009,17208.760000000002,4454.14,41863.14
20250124,A005,L016,0.0,13029.09,16763.27
20250124,A006,L016,18929.64,0.0,7656.26
20250124,A008,L006,8211.2,0.0,0.0
20250124,A009,L006,6636.03,7698.71,898.9
20250124,A010,L005,8595.78,13146.57,0.0
20250124,A012,L015,4107.71,4609.93,0.0
20250124,A013,L007,0.0,14711.63,4171.9
20250124,A017,L013,21364.98,15630.69,7044.45
20250125,A004,L009,41401.87,40298.56,34831.98
20250125,A005,L016,30112.6,15776.58,12822.21
20250125,A006,L016,6694.92,0.0,10158.39
20250125,A008,L006,0.0,0.0,9880.13
20250125,A009,L006,0.0,0.0,7943.91
20250125,A010,L005,7063.33,14322.08,11083.57
20250125,A012,L015,0.0,0.0,7147.86
20250125,A013,L007,0.0,8752.5,0.0
20250125,A017,L013,27657.5,12300.44,16534.420000000002
20250126,A004,L009,22598.449999999997,25233.260000000002,41468.57
20250126,A005,L016,11790.82,15831.82,19559.480000000003
20250126,A006,L016,786.45,0.0,0.0
20250126,A008,L006,8091.29,3320.96,0.0
20250126,A009,L006,6370.06,12838.66,0.0
20250126,A010,L005,18099.690000000002,0.0,22849.73
20250126,A012,L015,2827.96,706.34,1900.55
20250126,A013,L007,0.0,3261.62,10125.04
20250126,A017,L013,45055.71,27332.86,16685.39
20250127,A004,L009,38169.729999999996,5510.969999999999,33933.7
20250127,A005,L016,31043.8,2797.8500000000004,35385.07
20250127,A008,L006,3549.1899999999996,5190.99,21153.21
20250127,A010,L005,2534.7,595.8,6696.07
20250127,A012,L015,0.0,3679.92,0.0
20250127,A013,L007,0.0,5229.76,6500.93
20250127,A017,L013,17964.11,29258.59,22801.57
20250128,A004,L009,49702.87,11470.64,30534.33
20250128,A005,L016,9110.869999999999,22400.15,6780.99
20250128,A006,L016,0.0,0.0,5190.11
20250128,A008,L006,12647.99,4767.81,11751.869999999999
20250128,A009,L006,5259.9,1859.98,2369.02
20250128,A010,L005,6458.54,0.0,2146.44
20250128,A012,L015,0.0,0.0,4081.83
20250128,A013,L007,7035.49,0.0,9004.19
20250128,A017,L013,15696.72,0.0,9484.27
20250129,A004,L009,39025.89,16646.91,9551.37
20250129,A005,L016,17632.19,15403.24,24655.19
20250129,A006,L016,3479.53,0.0,3306.02
20250129,A008,L006,5646.27,4213.0,20365.39
20250129,A009,L006,1371.76,0.0,12627.48
20250129,A010,L005,11544.02,6063.24,1086.38
20250129,A012,L015,0.0,7044.35,5209.0
20250129,A013,L007,9795.39,769.55,0.0
20250129,A017,L013,10379.8,33953.35,51459.02
20250130,A004,L009,56592.33,25102.03,46147.59
20250130,A005,L016,5558.200000000001,19664.88,10293.16
20250130,A006,L016,0.0,0.0,4115.3
20250130,A008,L006,9155.0,7059.88,4850.2
20250130,A009,L006,0.0,4618.08,3405.91
20250130,A010,L005,14921.23,4381.719999999999,12505.61
20250130,A012,L015,0.0,5452.54,0.0
20250130,A013,L007,0.0,7356.339999999999,5879.04
20250130,A017,L013,31653.76,19167.23,16311.35
20250131,A004,L009,43667.94,37943.9,26840.36
20250131,A005,L016,1962.5,13177.94,12512.75
20250131,A006,L016,1485.98,3797.6,0.0
20250131,A008,L006,11910.82,23685.19,15727.92
20250131,A009,L006,0.0,0.0,1880.66
20250131,A010,L005,12476.84,20428.04,0.0
20250131,A012,L015,7495.82,6857.68,15109.880000000001
20250131,A013,L007,16827.38,0.0,0.0
20250131,A017,L013,9530.04,10658.64,1437.08
20250201,A004,L009,40435.43,47050.93,24035.9
20250201,A005,L016,6455.05,0.0,13490.119999999999
20250201,A006,L016,3241.91,0.0,0.0
20250201,A008,L006,12065.31,13946.06,10239.76
20250201,A009,L006,0.0,8719.630000000001,0.0
20250201,A010,L005,871.48,23217.2,8770.26
20250201,A012,L015,0.0,3765.48,0.0
20250201,A013,L007,0.0,2157.55,0.0
20250201,A017,L013,27621.4,3982.49,16553.52
20250202,A004,L009,40749.96,37449.86,30263.53
20250202,A005,L016,19538.59,3016.3500000000004,16995.17
20250202,A006,L016,0.0,6575.42,11848.27
20250202,A008,L006,0.0,3205.16,12712.14
20250202,A009,L006,0.0,895.03,2559.14
20250202,A010,L005,0.0,12169.78,3222.68
20250202,A012,L015,1054.9,0.0,9332.42
20250202,A017,L013,17535.6,35160.82,4228.43
20250203,A004,L009,26731.25,24760.010000000002,25142.72
20250203,A005,L016,21239.690000000002,3778.73,11144.470000000001
20250203,A006,L016,11955.35,3545.38,1719.56
20250203,A008,L006,0.0,2559.69,12663.689999999999
20250203,A009,L006,0.0,8904.7,0.0
20250203,A010,L005,13078.62,3119.03,15446.89
20250203,A012,L015,0.0,0.0,2222.66
20250203,A013,L007,0.0,0.0,1763.96
20250203,A017,L013,14504.94,16923.21,20820.859999999997
20250204,A004,L009,42825.62,28274.67,42466.21
20250204,A005,L016,1968.62,11366.27,13064.67
20250204,A006,L016,3692.52,9049.92,0.0
20250204,A008,L006,0.0,6147.81,0.0
20250204,A009,L006,5350.98,2952.04,3337.79
20250204,A010,L005,8332.15,4377.85,13208.460000000001
20250204,A012,L015,9896.27,5201.24,2528.39
20250204,A013,L007,0.0,7036.6,0.0
20250204,A017,L013,20393.510000000002,12298.380000000001,17730.739999999998
20250205,A004,L009,35648.46,31741.79,30423.300000000003
20250205,A005,L016,10834.31,12918.119999999999,14897.86
20250205,A006,L016,3769.05,0.0,0.0
20250205,A008,L006,2066.05,5136.51,0.0
20250205,A009,L006,0.0,2360.47,0.0
20250205,A010,L005,11830.68,9183.64,20210.7
20250205,A012,L015,0.0,4004.3,10855.71
20250205,A013,L007,12222.8,0.0,7674.58
20250205,A017,L013,11890.64,27184.34,22504.56
20250206,A004,L009,55122.17,43345.24,21004.02
20250206,A005,L016,876.83,21498.31,11285.38
20250206,A006,L016,1608.57,0.0,2678.19
20250206,A008,L006,12330.039999999999,3456.56,0.0
20250206,A009,L006,13438.21,2814.33,0.0
20250206,A010,L005,15019.210000000001,8627.95,29416.980000000003
20250206,A012,L015,0.0,3290.96,0.0
20250206,A013,L007,0.0,0.0,5207.33
20250206,A017,L013,26602.94,10916.4,19762.75
20250207,A004,L009,39121.23,31126.809999999998,28933.91
20250207,A005,L016,0.0,7701.540000000001,5628.38
20250207,A006,L016,4887.3,0.0,5279.89
20250207,A008,L006,23328.81,13396.470000000001,0.0
20250207,A009,L006,10432.31,0.0,10522.08
20250207,A010,L005,5693.15,11661.7,0.0
20250207,A012,L015,8600.95,0.0,7005.97
20250207,A013,L007,3018.69,0.0,0.0
20250207,A017,L013,20787.33,10061.7,22532.940000000002
20250208,A004,L009,27888.469999999998,39282.56,29410.269999999997
20250208,A005,L016,18959.66,13986.939999999999,12432.06
20250208,A006,L016,4120.32,4453.96,0.0
20250208,A008,L006,644.88,3037.7,856.13
20250208,A009,L006,3739.38,25713.08,0.0
20250208,A010,L005,2994.37,25072.54,7984.73
20250208,A012,L015,3048.52,7045.13,5494.63
20250208,A013,L007,5495.67,6470.82,773.57
20250208,A017,L013,28086.92,27062.64,21722.13
20250209,A004,L009,41546.020000000004,32040.45,41935.78
20250209,A005,L016,13425.670000000002,25013.48,7058.46
20250209,A006,L016,0.0,12482.210000000001,0.0
20250209,A008,L006,5362.35,6152.9400000000005,10146.83
20250209,A009,L006,11660.619999999999,0.0,0.0
20250209,A010,L005,11251.12,13757.7,9806.32
20250209,A012,L015,10074.38,0.0,1887.28
20250209,A013,L007,4435.55,0.0,10926.970000000001
20250209,A017,L013,17605.010000000002,5687.34,20718.92
20250210,A004,L009,44009.0,31958.37,36978.49
20250210,A005,L016,10102.7,5494.07,28527.19
20250210,A006,L016,0.0,0.0,9199.31
20250210,A008,L006,4953.2,2373.67,1698.87
20250210,A009,L006,11710.72,11403.560000000001,1271.5
20250210,A010,L005,3815.55,1508.18,0.0
20250210,A012,L015,9969.58,0.0,0.0
20250210,A013,L007,0.0,0.0,2038.1
20250210,A017,L013,24275.15,13797.45,23648.02
20250211,A004,L009,15716.26,37252.91,45689.74
20250211,A005,L016,13731.36,0.0,16798.64
20250211,A006,L016,11314.04,0.0,2793.13
20250211,A008,L006,10837.64,0.0,0.0
20250211,A009,L006,10583.48,4643.89,5360.62
20250211,A010,L005,8130.049999999999,6433.53,0.0
20250211,A012,L015,6208.54,0.0,9998.5
20250211,A017,L013,20367.39,9094.5,41880.07
20250212,A004,L009,24418.64,48052.43,40132.520000000004
20250212,A005,L016,10767.47,5036.59,20983.52
20250212,A006,L016,6991.450000000001,0.0,0.0
20250212,A008,L006,0.0,9861.96,0.0
20250212,A009,L006,0.0,0.0,4676.19
20250212,A010,L005,17744.34,18758.9,0.0
20250212,A012,L015,0.0,984.34,2123.61
20250212,A013,L007,7446.72,6130.08,0.0
20250212,A017,L013,12965.039999999999,18001.14,60552.479999999996
20250213,A004,L009,35539.58,29955.22,38089.54
20250213,A005,L016,11827.94,5520.38,3335.06
20250213,A006,L016,6561.41,11903.59,0.0
20250213,A008,L006,7830.08,12924.46,7133.24
20250213,A009,L006,2425.47,0.0,7123.37
20250213,A010,L005,6902.54,20867.49,3407.55
20250213,A012,L015,1664.35,2060.88,0.0
20250213,A013,L007,0.0,7315.22,0.0
20250213,A017,L013,30773.18,33786.72,17938.75
20250214,A004,L009,12757.82,35572.43,37882.07
20250214,A005,L016,10767.15,13733.029999999999,5248.55
20250214,A006,L016,3941.04,0.0,1707.04
20250214,A008,L006,8130.62,18389.2,6853.96
20250214,A009,L006,0.0,12632.68,8752.93
20250214,A010,L005,3409.66,5468.83,20880.39
20250214,A012,L015,4292.34,0.0,9956.630000000001
20250214,A013,L007,1243.53,0.0,0.0
20250214,A017,L013,25261.44,36933.13,14611.25
20250215,A004,L009,19102.17,31125.52,24901.36
20250215,A005,L016,2871.24,17800.19,9227.41
20250215,A006,L016,2282.92,1601.86,0.0
20250215,A008,L006,8071.46,15098.59,11616.33
20250215,A009,L006,0.0,0.0,9938.22
20250215,A010,L005,3852.32,15539.94,26479.59
20250215,A012,L015,0.0,2606.39,1808.33
20250215,A013,L007,0.0,23366.3,0.0
20250215,A017,L013,19652.38,29550.66,16881.1
20250216,A004,L009,38539.64,20715.22,41033.24
20250216,A005,L016,11599.29,14621.169999999998,13227.02
20250216,A006,L016,1847.55,4151.83,0.0
20250216,A008,L006,0.0,0.0,7292.030000000001
20250216,A009,L006,6593.28,0.0,0.0
20250216,A010,L005,9850.37,7981.36,2608.18
20250216,A012,L015,0.0,1429.71,2483.72
20250216,A013,L007,7520.44,0.0,0.0
20250216,A017,L013,8770.96,33094.86,0.0
20250217,A004,L009,9485.8,22694.05,42212.1
20250217,A005,L016,4601.48,6146.49,20151.65
20250217,A006,L016,3695.01,1655.55,0.0
20250217,A008,L006,1685.81,3173.95,962.91
20250217,A009,L006,0.0,0.0,6627.87
20250217,A010,L005,22871.83,10690.279999999999,17423.940000000002
20250217,A012,L015,0.0,5864.17,0.0
20250217,A013,L007,0.0,0.0,14891.9
20250217,A017,L013,21101.29,14909.81,26151.760000000002
20250218,A004,L009,33970.37,30819.07,35942.55
20250218,A005,L016,27750.64,3750.45,6373.129999999999
20250218,A008,L006,0.0,8920.09,0.0
20250218,A009,L006,2628.88,0.0,0.0
20250218,A010,L005,11655.810000000001,17299.28,6349.04
20250218,A012,L015,4302.66,15598.65,3116.07
20250218,A013,L007,6055.42,0.0,0.0
20250218,A017,L013,14339.07,18370.34,8288.45
20250219,A004,L009,41417.76,59197.06,28555.1
20250219,A005,L016,9381.23,10630.74,12233.52
20250219,A006,L016,0.0,0.0,6432.68
20250219,A008,L006,8450.82,19372.93,23331.82
20250219,A009,L006,1510.95,4300.01,0.0
20250219,A010,L005,13632.57,2115.31,8772.869999999999
20250219,A012,L015,2682.72,9412.869999999999,0.0
20250219,A013,L007,6604.68,11334.25,0.0
20250219,A017,L013,19427.83,16439.49,17964.379999999997
20250220,A004,L009,20202.36,37002.36,20836.28
20250220,A005,L016,14770.18,0.0,31249.03
20250220,A006,L016,3982.93,0.0,1247.0
20250220,A008,L006,9901.93,2373.56,0.0
20250220,A010,L005,6950.68,14198.960000000001,8001.389999999999
20250220,A012,L015,5315.01,1400.28,5556.33
20250220,A013,L007,0.0,6742.8099999999995,2524.04
20250220,A017,L013,21931.13,0.0,16301.8
20250221,A004,L009,26585.37,29497.38,29472.17
20250221,A005,L016,4078.37,16496.81,9850.51
20250221,A006,L016,0.0,0.0,2329.09
20250221,A008,L006,10288.18,8765.39,4320.11
20250221,A009,L006,0.0,6672.469999999999,0.0
20250221,A010,L005,20128.800000000003,0.0,1179.26
20250221,A012,L015,8312.51,1364.54,4889.36
20250221,A013,L007,0.0,11211.35,0.0
20250221,A017,L013,38208.43,6243.96,27084.160000000003
20250222,A004,L009,32052.73,46261.93,41074.61
20250222,A005,L016,0.0,6790.16,626.53
20250222,A006,L016,1815.91,0.0,1868.02
20250222,A010,L005,8964.16,15109.72,1096.6
20250222,A012,L015,0.0,9720.67,1096.08
20250222,A017,L013,21763.93,19030.47,39321.6
20250223,A004,L009,36229.8,38390.19,38993.46
20250223,A005,L016,31119.65,13330.310000000001,13477.189999999999
20250223,A006,L016,0.0,22494.55,5125.05
20250223,A008,L006,5878.34,10826.08,1905.0
20250223,A009,L006,3736.98,0.0,0.0
20250223,A010,L005,7879.09,17397.92,13802.4
20250223,A013,L007,0.0,1370.33,6315.51
20250223,A017,L013,21411.58,47304.17,20103.32
20250224,A004,L009,30695.05,32905.8,64826.28
20250224,A005,L016,11380.84,11580.07,7497.44
20250224,A006,L016,0.0,4838.45,0.0
20250224,A008,L006,1673.87,16604.9,0.0
20250224,A009,L006,0.0,6028.12,4703.41
20250224,A010,L005,11569.15,8747.99,13260.43
20250224,A012,L015,0.0,0.0,1429.67
20250224,A013,L007,4234.84,0.0,4210.03
20250224,A017,L013,25474.42,3888.63,1467.17
20250225,A004,L009,25937.65,43711.01,25430.18
20250225,A005,L016,12299.89,0.0,18956.739999999998
20250225,A006,L016,4853.9,6991.16,7675.27
20250225,A008,L006,1725.5,1281.18,6068.23
20250225,A010,L005,19872.39,7076.139999999999,13389.31
20250225,A012,L015,3830.63,0.0,2710.79
20250225,A017,L013,23397.02,16025.69,27518.73
20250226,A004,L009,28437.01,32412.97,44355.43
20250226,A005,L016,1792.19,18194.44,10783.22
20250226,A006,L016,0.0,2185.84,6636.07
20250226,A008,L006,3344.8,12421.67,0.0
20250226,A009,L006,1947.73,9391.460000000001,0.0
20250226,A010,L005,0.0,12395.79,4279.3
20250226,A012,L015,7996.7,4604.5,0.0
20250226,A013,L007,0.0,5707.29,5769.41
20250226,A017,L013,6118.37,13391.9,29590.77
20250227,A004,L009,10800.66,34572.18,38914.07
20250227,A005,L016,9605.12,19936.980000000003,16619.53
20250227,A006,L016,2013.31,4576.24,731.41
20250227,A008,L006,18061.11,1714.24,24376.989999999998
20250227,A009,L006,7721.4,0.0,0.0
20250227,A010,L005,8045.41,5837.66,9913.24
20250227,A012,L015,2900.83,0.0,0.0
20250227,A013,L007,2561.18,0.0,0.0
20250227,A017,L013,26186.21,15005.48,35606.310000000005
20250228,A004,L009,19609.31,32074.39,8726.83
20250228,A005,L016,12937.08,15162.380000000001,12175.91
20250228,A006,L016,0.0,7489.82,0.0
20250228,A008,L006,9744.41,7903.23,2822.85
20250228,A009,L006,0.0,4781.86,0.0
20250228,A010,L005,0.0,10915.95,19235.96
20250228,A012,L015,0.0,2606.41,3153.57
20250228,A013,L007,0.0,16874.0,0.0
20250228,A017,L013,7086.64,22847.3,19197.88
20250301,A004,L009,26525.14,49959.29,16964.96
20250301,A005,L016,13352.48,21907.690000000002,28514.15
20250301,A006,L016,0.0,6316.4,0.0
20250301,A008,L006,18804.32,0.0,972.31
20250301,A009,L006,0.0,2032.5,0.0
20250301,A010,L005,12108.130000000001,25540.690000000002,14384.2
20250301,A012,L015,0.0,9501.6,1509.36
20250301,A013,L007,1238.96,0.0,959.84
20250301,A017,L013,1249.49,1655.65,13716.880000000001
20250302,A004,L009,13148.11,17590.010000000002,35801.28
20250302,A005,L016,26771.690000000002,57832.909999999996,28843.12
20250302,A006,L016,3066.39,0.0,0.0
20250302,A008,L006,5213.66,3711.58,0.0
20250302,A009,L006,5663.25,0.0,5907.38
20250302,A010,L005,22498.0,30999.059999999998,15071.079999999998
20250302,A012,L015,0.0,9981.77,3148.3199999999997
20250302,A013,L007,0.0,789.6,0.0
20250302,A017,L013,37294.83,20836.86,20196.870000000003
20250303,A004,L009,56342.6,52998.36,17285.29
20250303,A005,L016,64858.13,56667.51,43787.95
20250303,A006,L016,9574.18,10922.05,0.0
20250303,A008,L006,3092.46,2891.1,5887.67
20250303,A009,L006,12991.869999999999,2265.29,6496.96
20250303,A010,L005,24311.7,8855.09,16198.339999999998
20250303,A012,L015,0.0,1267.71,0.0
20250303,A013,L007,0.0,0.0,2950.3
20250303,A017,L013,11395.170000000002,22402.34,38611.44
20250304,A004,L009,29362.28,32010.88,42132.39
20250304,A005,L016,28410.550000000003,71061.58,4896.8099999999995
20250304,A006,L016,0.0,2709.13,4760.9
20250304,A008,L006,2428.71,12910.65,6227.96
20250304,A010,L005,5965.75,3031.17,1107.49
20250304,A012,L015,3655.32,1726.78,0.0
20250304,A017,L013,23905.73,25442.789999999997,11408.75
20250305,A004,L009,20058.39,25312.239999999998,28540.0
20250305,A005,L016,14179.04,19032.5,17695.57
20250305,A006,L016,0.0,0.0,1496.4
20250305,A008,L006,1309.31,12082.54,0.0
20250305,A009,L006,10239.38,0.0,0.0
20250305,A010,L005,5978.51,23842.3,6559.25
20250305,A012,L015,9474.900000000001,0.0,11433.52
20250305,A013,L007,0.0,1812.74,531.33
20250305,A017,L013,42257.28,6186.65,16887.620000000003
20250306,A004,L009,12546.61,38870.03,9743.44
20250306,A005,L016,40290.59,7139.06,35848.950000000004
20250306,A006,L016,0.0,2665.24,0.0
20250306,A008,L006,5150.47,844.33,5975.0
20250306,A009,L006,6024.55,0.0,6925.84
20250306,A010,L005,13072.86,42559.86,24495.05
20250306,A012,L015,4364.1,0.0,6236.95
20250306,A013,L007,9985.46,0.0,1245.71
20250306,A017,L013,26776.620000000003,40051.659999999996,35417.88
20250307,A004,L009,12067.36,35238.08,29170.87
20250307,A005,L016,0.0,29917.22,4851.75
20250307,A006,L016,6441.37,0.0,2592.71
20250307,A008,L006,10156.39,4709.48,8322.060000000001
20250307,A010,L005,12458.79,51260.21,11337.67
20250307,A012,L015,15553.310000000001,0.0,10618.439999999999
20250307,A013,L007,5718.05,0.0,0.0
20250307,A017,L013,16294.189999999999,12458.89,14269.43
20250308,A004,L009,23184.699999999997,42019.54,15366.470000000001
20250308,A005,L016,53518.41,0.0,29628.75
20250308,A006,L016,12612.16,3633.36,0.0
20250308,A008,L006,7004.21,0.0,0.0
20250308,A009,L006,0.0,2472.6,0.0
20250308,A010,L005,12727.22,5950.01,22670.36
20250308,A013,L007,3422.77,6250.07,0.0
20250308,A017,L013,21292.67,9777.35,33980.15
20250309,A004,L009,53633.07,43339.27,23110.879999999997
20250309,A005,L016,9545.91,15463.720000000001,52906.22
20250309,A006,L016,8000.8,0.0,0.0
20250309,A008,L006,0.0,0.0,5043.57
20250309,A009,L006,0.0,0.0,8929.43
20250309,A010,L005,0.0,30113.18,7986.27
20250309,A012,L015,0.0,0.0,5163.3
20250309,A013,L007,0.0,0.0,2222.77
20250309,A017,L013,10886.32,34235.619999999995,14503.189999999999
20250310,A004,L009,5482.98,59132.81,37573.12
20250310,A005,L016,11917.99,35108.41,23424.989999999998
20250310,A006,L016,0.0,10293.52,5435.33
20250310,A008,L006,18466.370000000003,10504.32,19827.53
20250310,A009,L006,4346.05,15044.99,0.0
20250310,A010,L005,0.0,8039.72,14247.53
20250310,A012,L015,2001.94,0.0,7632.71
20250310,A017,L013,23169.25,31159.03,11895.86
20250311,A004,L009,33522.56,37783.92,23913.62
20250311,A005,L016,9708.17,6140.86,56419.05
20250311,A006,L016,0.0,4292.549999999999,0.0
20250311,A008,L006,11288.52,2465.62,5059.62
20250311,A009,L006,0.0,4172.42,0.0
20250311,A010,L005,12775.43,0.0,17834.370000000003
20250311,A012,L015,0.0,5516.02,0.0
20250311,A013,L007,2298.95,1088.01,9030.13
20250311,A017,L013,17519.79,5339.82,26970.33
20250312,A004,L009,29901.35,33052.5,14391.72
20250312,A005,L016,14481.92,23113.58,31184.030000000002
20250312,A006,L016,0.0,4082.55,0.0
20250312,A008,L006,0.0,5221.83,3818.2
20250312,A009,L006,3734.49,0.0,10347.32
20250312,A010,L005,24414.829999999998,14787.47,14675.439999999999
20250312,A012,L015,0.0,9458.47,0.0
20250312,A013,L007,7255.56,0.0,0.0
20250312,A017,L013,19904.88,5275.08,5030.58
20250313,A004,L009,16884.21,39557.5,22109.82
20250313,A005,L016,49239.27,2067.58,0.0
20250313,A006,L016,2421.74,11376.02,0.0
20250313,A008,L006,3018.42,3476.71,9798.4
20250313,A009,L006,0.0,801.55,9917.380000000001
20250313,A010,L005,17917.73,22189.23,38712.81
20250313,A012,L015,6387.37,0.0,0.0
20250313,A013,L007,0.0,5316.37,0.0
20250313,A017,L013,27810.72,30367.03,11570.58
20250314,A004,L009,50360.65,37862.58,44545.700000000004
20250314,A005,L016,26932.42,33052.009999999995,15989.09
20250314,A006,L016,0.0,1755.35,0.0
20250314,A008,L006,588.4,0.0,0.0
20250314,A009,L006,4135.82,7196.68,3447.86
20250314,A010,L005,5615.15,44751.34,10667.36
20250314,A012,L015,8972.3,0.0,4126.98
20250314,A013,L007,18237.15,0.0,686.92
20250314,A017,L013,5439.81,14354.47,59164.61
20250315,A004,L009,16495.85,27186.4,25759.72
20250315,A005,L016,11292.09,36534.58,17312.72
20250315,A006,L016,10385.1,2616.26,5076.88
20250315,A008,L006,5911.88,8167.76,15194.51
20250315,A009,L006,3260.25,13683.970000000001,0.0
20250315,A010,L005,36586.18,27093.510000000002,2795.56
20250315,A012,L015,0.0,0.0,4163.04
20250315,A013,L007,0.0,1002.47,5071.14
20250315,A017,L013,36616.36,21203.04,44736.78
20250316,A004,L009,12364.279999999999,35799.65,42822.29
20250316,A005,L016,16437.8,34431.15,5376.71
20250316,A006,L016,5735.85,1699.57,4460.68
20250316,A008,L006,0.0,12390.25,6785.75
20250316,A009,L006,7361.87,4678.55,4102.67
20250316,A010,L005,19933.22,7259.07,6052.69
20250316,A012,L015,0.0,5455.84,6303.92
20250316,A013,L007,0.0,0.0,10681.09
20250316,A017,L013,21315.85,3847.5,21452.0
20250317,A004,L009,32122.82,30553.27,48297.09
20250317,A005,L016,15087.439999999999,34581.020000000004,8676.23
20250317,A006,L016,6812.099999999999,0.0,0.0
20250317,A008,L006,10106.68,12535.77,14910.66
20250317,A009,L006,0.0,0.0,2989.11
20250317,A010,L005,19992.17,10573.79,19783.629999999997
20250317,A012,L015,13216.09,647.43,11999.630000000001
20250317,A013,L007,2601.28,0.0,0.0
20250317,A017,L013,22729.75,6428.51,42448.22
20250318,A004,L009,37140.75,19813.06,20658.28
20250318,A005,L016,93730.56,0.0,4445.3
20250318,A008,L006,0.0,0.0,15435.41
20250318,A009,L006,19050.36,9293.33,0.0
20250318,A010,L005,0.0,0.0,3358.81
20250318,A012,L015,0.0,3465.24,5672.35
20250318,A013,L007,2722.91,3368.0,0.0
20250318,A017,L013,13032.17,27333.69,15358.119999999999
20250319,A004,L009,41984.74,18284.29,29246.14
20250319,A005,L016,18469.94,25773.02,28455.800000000003
20250319,A006,L016,18209.3,0.0,11693.39
20250319,A008,L006,4433.22,10169.5,1583.48
20250319,A009,L006,3129.92,12222.78,2800.13
20250319,A010,L005,15581.380000000001,24449.41,38628.14
20250319,A012,L015,0.0,8741.0,4287.91
20250319,A013,L007,0.0,7248.07,0.0
20250319,A017,L013,21693.09,24849.66,20455.46
20250320,A004,L009,19872.86,29752.34,26033.670000000002
20250320,A005,L016,28170.190000000002,0.0,21203.940000000002
20250320,A006,L016,0.0,0.0,3537.1899999999996
20250320,A008,L006,3854.0,0.0,8892.39
20250320,A009,L006,17054.59,0.0,0.0
20250320,A010,L005,0.0,20384.29,19545.7
20250320,A012,L015,3705.82,3330.76,0.0
20250320,A013,L007,13428.5,0.0,2844.67
20250320,A017,L013,13210.09,32122.03,23411.620000000003
20250321,A004,L009,25276.07,15376.68,26067.41
20250321,A005,L016,22618.7,23744.5,15704.42
20250321,A006,L016,1776.17,17054.27,0.0
20250321,A008,L006,2028.25,0.0,2096.35
20250321,A009,L006,0.0,6016.13,8028.25
20250321,A010,L005,20256.59,31203.699999999997,11345.39
20250321,A012,L015,6078.04,0.0,725.02
20250321,A017,L013,51582.82,5753.91,37966.45
20250322,A004,L009,20724.83,37366.49,16687.51
20250322,A005,L016,22522.69,11174.05,10228.61
20250322,A006,L016,2818.93,5656.3099999999995,0.0
20250322,A008,L006,3395.0600000000004,0.0,1953.08
20250322,A010,L005,23550.04,18455.73,31488.21
20250322,A012,L015,0.0,1466.92,3605.45
20250322,A013,L007,0.0,14942.560000000001,0.0
20250322,A017,L013,2366.86,23005.12,32821.79
20250323,A004,L009,13452.869999999999,17331.15,35046.54
20250323,A005,L016,14571.14,0.0,18976.32
20250323,A006,L016,0.0,5376.23,1583.94
20250323,A008,L006,6405.51,3259.42,11350.170000000002
20250323,A009,L006,0.0,4859.03,0.0
20250323,A010,L005,19013.18,25512.65,2739.15
20250323,A012,L015,0.0,2632.38,0.0
20250323,A013,L007,0.0,7139.03,0.0
20250323,A017,L013,5665.24,21241.03,40889.11
20250324,A004,L009,33172.11,24925.77,25233.56
20250324,A005,L016,26740.489999999998,26241.14,23133.24
20250324,A006,L016,0.0,0.0,10361.09
20250324,A008,L006,7565.360000000001,6741.7,4819.81
20250324,A009,L006,0.0,0.0,3784.25
20250324,A010,L005,13152.73,14763.05,2261.71
20250324,A012,L015,9120.45,0.0,0.0
20250324,A013,L007,0.0,0.0,4956.71
20250324,A017,L013,33036.490000000005,16121.210000000001,13187.1
20250325,A004,L009,26728.52,38686.310000000005,32798.27
20250325,A005,L016,6408.72,11480.779999999999,15250.9
20250325,A006,L016,2747.54,7681.88,0.0
20250325,A008,L006,1747.21,6225.38,0.0
20250325,A009,L006,0.0,738.66,6533.03
20250325,A010,L005,15612.689999999999,0.0,24224.94
20250325,A012,L015,2011.41,0.0,0.0
20250325,A013,L007,12572.630000000001,0.0,6202.89
20250325,A017,L013,24430.86,40812.93,22938.71
20250326,A004,L009,15971.43,37346.81,52047.270000000004
20250326,A005,L016,7116.91,40162.729999999996,32339.410000000003
20250326,A006,L016,4959.43,0.0,2642.18
20250326,A008,L006,2855.74,11029.59,0.0
20250326,A009,L006,0.0,11521.02,0.0
20250326,A010,L005,34859.66,43483.74,7676.92
20250326,A012,L015,0.0,4387.4,5776.889999999999
20250326,A013,L007,0.0,4037.32,0.0
20250326,A017,L013,9193.08,20337.84,35157.54
20250327,A004,L009,24637.670000000002,48497.67,16546.19
20250327,A005,L016,26748.86,2933.01,18774.91
20250327,A006,L016,0.0,0.0,17725.88
20250327,A008,L006,5503.360000000001,3523.23,0.0
20250327,A009,L006,0.0,7639.68,8988.77
20250327,A010,L005,21043.48,25354.0,30202.87
20250327,A012,L015,624.14,1214.43,0.0
20250327,A013,L007,4496.9,2579.33,7717.85
20250327,A017,L013,11330.98,22014.02,22576.92
20250328,A004,L009,34528.37,21289.28,52195.32
20250328,A005,L016,43079.0,11946.380000000001,0.0
20250328,A006,L016,13727.93,0.0,9938.64
20250328,A008,L006,0.0,8673.7,8641.07
20250328,A009,L006,1734.41,0.0,0.0
20250328,A010,L005,0.0,2385.03,42473.08
20250328,A012,L015,2390.67,1793.41,12593.03
20250328,A013,L007,7743.150000000001,0.0,0.0
20250328,A017,L013,10179.86,37589.96,1619.31
20250329,A004,L009,34661.16,33865.33,15473.08
20250329,A005,L016,13553.66,49380.72,24504.78
20250329,A006,L016,4398.26,0.0,0.0
20250329,A008,L006,8386.32,0.0,0.0
20250329,A009,L006,0.0,0.0,915.44
20250329,A010,L005,19967.02,15925.68,23028.41
20250329,A013,L007,8459.92,0.0,0.0
20250329,A017,L013,15004.68,7462.61,29266.21
20250330,A004,L009,45084.68,32018.62,26578.81
20250330,A005,L016,4242.34,40558.22,35515.65
20250330,A006,L016,2432.57,8714.19,3789.31
20250330,A008,L006,5199.84,0.0,0.0
20250330,A009,L006,4372.51,4588.0,0.0
20250330,A010,L005,34742.19,4967.61,2731.0
20250330,A012,L015,0.0,9112.36,0.0
20250330,A013,L007,3699.27,5467.74,1304.6
20250330,A017,L013,34990.81,29008.629999999997,43886.11
20250331,A004,L009,40531.08,12865.36,12066.27
20250331,A005,L016,8770.14,0.0,10122.29
20250331,A006,L016,15439.36,968.62,5726.3
20250331,A008,L006,0.0,7922.030000000001,18757.879999999997
20250331,A009,L006,929.07,0.0,6232.74
20250331,A010,L005,3203.2,4305.53,4142.55
20250331,A012,L015,0.0,16878.89,0.0
20250331,A013,L007,0.0,17994.79,0.0
20250331,A017,L013,18563.32,7662.99,4292.31
20250401,A004,L009,22044.920000000002,17727.93,16171.45
20250401,A005,L016,3067.71,22738.91,16084.41
20250401,A006,L016,6083.51,6182.56,3064.99
20250401,A008,L006,11021.44,0.0,1578.88
20250401,A009,L006,0.0,1067.23,0.0
20250401,A010,L005,9216.03,16765.82,781.96
20250401,A012,L015,0.0,3356.53,0.0
20250401,A013,L007,0.0,8646.79,6964.14
20250401,A017,L013,10334.71,15889.44,5366.39
20250402,A004,L009,25910.63,33182.9,33129.63
20250402,A005,L016,6141.43,30996.05,16555.77
20250402,A006,L016,0.0,8705.75,0.0
20250402,A008,L006,7427.97,20021.82,1490.66
20250402,A010,L005,6811.64,6140.77,24722.26
20250402,A012,L015,15771.380000000001,0.0,0.0
20250402,A017,L013,14757.17,16379.45,9576.400000000001
20250403,A004,L009,53277.62,35209.08,75418.53
20250403,A005,L016,0.0,0.0,26871.02
20250403,A006,L016,14403.07,7672.780000000001,0.0
20250403,A008,L006,22492.35,12413.57,5870.09
20250403,A009,L006,0.0,0.0,6306.62
20250403,A010,L005,12496.22,5191.4,7738.42
20250403,A012,L015,0.0,1162.31,5793.85
20250403,A013,L007,3002.61,0.0,0.0
20250403,A017,L013,17811.059999999998,14233.679999999998,29184.98
20250404,A004,L009,17563.87,27765.55,15648.2
20250404,A005,L016,7684.69,29343.83,21914.91
20250404,A006,L016,0.0,0.0,10277.14
20250404,A008,L006,5942.13,8592.39,2433.27
20250404,A009,L006,5117.23,0.0,0.0
20250404,A010,L005,27303.28,11338.619999999999,0.0
20250404,A012,L015,7996.26,0.0,0.0
20250404,A013,L007,10211.939999999999,2643.61,0.0
20250404,A017,L013,8853.79,20395.36,19942.55
20250405,A004,L009,43126.59,24764.38,42800.61
20250405,A005,L016,12255.7,17164.59,6652.41
20250405,A006,L016,10060.38,3987.71,0.0
20250405,A008,L006,7965.99,23277.09,0.0
20250405,A009,L006,1819.66,2462.82,4228.73
20250405,A010,L005,15032.27,8257.66,2009.02
20250405,A012,L015,7865.16,7783.4,3166.58
20250405,A013,L007,3851.52,7565.03,0.0
20250405,A017,L013,3593.79,28635.63,42402.33
20250406,A004,L009,15424.87,47409.58,9085.38
20250406,A005,L016,11772.26,14472.89,34646.27
20250406,A006,L016,0.0,0.0,3996.83
20250406,A008,L006,7633.77,12646.4,13008.91
20250406,A010,L005,7497.21,9919.08,14246.35
20250406,A012,L015,22514.410000000003,4914.9,0.0
20250406,A017,L013,29329.78,23694.07,33203.18
20250407,A004,L009,26004.32,11283.52,18436.69
20250407,A005,L016,50379.270000000004,21141.18,11267.51
20250407,A006,L016,1059.85,3606.63,5154.36
20250407,A008,L006,0.0,11279.43,3701.16
20250407,A009,L006,0.0,6188.91,0.0
20250407,A010,L005,3076.84,8124.94,6051.719999999999
20250407,A012,L015,0.0,0.0,3192.53
20250407,A013,L007,7079.3099999999995,0.0,0.0
20250407,A017,L013,19695.54,13656.9,42015.56
20250408,A004,L009,30056.589999999997,31464.43,24371.9
20250408,A005,L016,16029.48,11306.880000000001,11678.97
20250408,A006,L016,5617.23,1653.14,4434.38
20250408,A008,L006,798.9,5959.48,10455.32
20250408,A009,L006,0.0,8808.81,10893.27
20250408,A010,L005,23286.07,34047.75,13143.66
20250408,A012,L015,8109.07,0.0,11251.43
20250408,A013,L007,1879.65,0.0,11318.779999999999
20250408,A017,L013,9156.22,21054.48,25875.64
20250409,A004,L009,31771.940000000002,52752.21,34679.99
20250409,A005,L016,22146.06,6997.639999999999,8519.23
20250409,A006,L016,0.0,6509.47,0.0
20250409,A008,L006,12322.6,0.0,14753.8
20250409,A010,L005,17052.11,0.0,7097.68
20250409,A013,L007,8667.01,0.0,0.0
20250409,A017,L013,10951.67,17700.77,25747.61
20250410,A004,L009,17695.44,37757.35,44815.59
20250410,A005,L016,5038.51,5021.17,13812.18
20250410,A006,L016,0.0,0.0,5077.64
20250410,A008,L006,18106.559999999998,0.0,3326.64
20250410,A009,L006,5962.8099999999995,0.0,0.0
20250410,A010,L005,27927.35,8533.44,0.0
20250410,A012,L015,1592.58,12971.32,809.23
20250410,A013,L007,0.0,3774.46,5465.86
20250410,A017,L013,14108.22,23725.96,20244.93
20250411,A004,L009,48151.77,42744.31,20834.989999999998
20250411,A005,L016,22378.39,10455.27,17208.47
20250411,A006,L016,0.0,10343.74,7794.69
20250411,A008,L006,2309.74,10900.79,0.0
20250411,A009,L006,962.27,14264.65,3065.09
20250411,A010,L005,19318.02,0.0,6110.57
20250411,A012,L015,0.0,3195.7,16798.55
20250411,A013,L007,10487.79,1688.77,0.0
20250411,A017,L013,18986.31,18614.93,20535.34
20250412,A004,L009,13198.15,17996.16,33704.7
20250412,A005,L016,11615.41,12490.34,25213.38
20250412,A006,L016,0.0,0.0,4298.98
20250412,A008,L006,19741.989999999998,12920.17,0.0
20250412,A009,L006,0.0,10715.07,0.0
20250412,A010,L005,2891.78,4550.79,0.0
20250412,A012,L015,6038.879999999999,1374.26,9536.810000000001
20250412,A013,L007,2160.44,0.0,0.0
20250412,A017,L013,15760.34,10434.7,10017.33
20250413,A004,L009,6074.01,50108.5,47920.340000000004
20250413,A005,L016,15952.06,11284.630000000001,14626.46
20250413,A006,L016,15043.98,11982.06,0.0
20250413,A008,L006,10208.74,17151.9,19267.07
20250413,A009,L006,3411.21,0.0,1614.36
20250413,A010,L005,16831.23,12363.189999999999,2534.02
20250413,A013,L007,4786.19,0.0,0.0
20250413,A017,L013,20341.02,30102.75,6942.87
20250414,A004,L009,23479.25,26980.61,23469.71
20250414,A005,L016,18338.33,14565.02,16463.3
20250414,A006,L016,0.0,8496.09,0.0
20250414,A008,L006,2608.0299999999997,0.0,6150.540000000001
20250414,A009,L006,5477.32,0.0,1669.62
20250414,A010,L005,8801.369999999999,14549.43,0.0
20250414,A012,L015,0.0,5313.02,10221.460000000001
20250414,A013,L007,0.0,11495.529999999999,8051.52
20250414,A017,L013,39822.35,21206.25,13254.630000000001
20250415,A004,L009,18759.89,59073.57,25639.31
20250415,A005,L016,2671.11,2695.55,13577.07
20250415,A006,L016,5034.26,0.0,0.0
20250415,A008,L006,6716.94,0.0,7199.32
20250415,A009,L006,0.0,2608.83,4105.8
20250415,A010,L005,13832.82,5954.82,17090.35
20250415,A012,L015,0.0,4996.4,7108.59
20250415,A013,L007,1963.69,0.0,11321.779999999999
20250415,A017,L013,19101.26,22369.440000000002,34508.18
20250416,A004,L009,40558.68,40203.270000000004,12871.59
20250416,A005,L016,4671.52,0.0,6490.38
20250416,A006,L016,0.0,2505.7,9338.7
20250416,A008,L006,0.0,9685.8,8817.51
20250416,A009,L006,4563.16,3692.41,0.0
20250416,A010,L005,908.07,12602.8,0.0
20250416,A012,L015,2668.25,2362.5,0.0
20250416,A013,L007,0.0,14769.140000000001,0.0
20250416,A017,L013,26706.49,38698.21,12720.05
20250417,A004,L009,22095.09,5767.36,22154.57
20250417,A005,L016,13994.93,14034.03,13092.779999999999
20250417,A006,L016,6711.82,0.0,2042.14
20250417,A008,L006,1907.68,0.0,9187.34
20250417,A009,L006,0.0,0.0,2170.82
20250417,A010,L005,15445.060000000001,5709.64,15445.52
20250417,A012,L015,0.0,921.66,0.0
20250417,A013,L007,1425.58,0.0,0.0
20250417,A017,L013,30146.19,16225.92,22795.510000000002
20250418,A004,L009,25948.489999999998,47195.21,28170.95
20250418,A005,L016,23016.67,35983.87,14850.78
20250418,A008,L006,16436.5,14504.2,6557.43
20250418,A009,L006,0.0,3988.63,0.0
20250418,A010,L005,10148.43,13939.14,11295.63
20250418,A012,L015,8007.62,8602.47,3973.44
20250418,A013,L007,0.0,3985.67,0.0
20250418,A017,L013,29825.83,8184.02,28513.8
20250419,A004,L009,16696.190000000002,42954.4,35298.08
20250419,A005,L016,0.0,21817.39,8271.32
20250419,A006,L016,2208.53,8600.73,0.0
20250419,A008,L006,0.0,2914.82,11265.02
20250419,A009,L006,1661.87,0.0,0.0
20250419,A010,L005,19518.94,24923.25,13208.19
20250419,A012,L015,0.0,10781.24,4077.4
20250419,A013,L007,3012.8,1342.5,0.0
20250419,A017,L013,13311.73,33226.74,48995.380000000005
20250420,A004,L009,33538.86,28805.33,26811.53
20250420,A005,L016,11801.45,23021.489999999998,13533.119999999999
20250420,A006,L016,6505.16,0.0,0.0
20250420,A008,L006,0.0,4809.64,6228.41
20250420,A009,L006,1577.75,0.0,0.0
20250420,A010,L005,0.0,5684.6,0.0
20250420,A012,L015,2405.55,1906.87,1337.15
20250420,A013,L007,3028.2,15327.75,0.0
20250420,A017,L013,32058.640000000003,19423.74,331.2
20250421,A004,L009,22293.809999999998,42325.5,32894.2
20250421,A005,L016,12546.68,6814.04,16048.48
20250421,A006,L016,9160.3,0.0,10665.0
20250421,A008,L006,16269.619999999999,10569.95,10691.21
20250421,A009,L006,4327.55,0.0,0.0
20250421,A010,L005,19093.53,6643.1,13575.619999999999
20250421,A013,L007,0.0,0.0,4190.33
20250421,A017,L013,27183.36,1585.6,14641.329999999998
20250422,A004,L009,32962.64,23591.0,43254.22
20250422,A005,L016,20302.82,26431.129999999997,19728.29
20250422,A008,L006,4526.49,8940.89,8839.58
20250422,A009,L006,2608.76,4962.41,1879.14
20250422,A010,L005,2691.93,1213.73,15023.89
20250422,A012,L015,6224.67,0.0,4419.7
20250422,A013,L007,0.0,3676.72,2634.89
20250422,A017,L013,17102.12,14956.990000000002,11454.279999999999
20250423,A004,L009,40563.31,25863.019999999997,27814.01
20250423,A005,L016,25911.120000000003,12859.31,22865.93
20250423,A006,L016,0.0,5729.13,0.0
20250423,A008,L006,0.0,1375.06,10525.439999999999
20250423,A009,L006,3534.56,0.0,0.0
20250423,A010,L005,16762.07,0.0,7812.55
20250423,A012,L015,6346.71,0.0,4600.58
20250423,A013,L007,4821.29,3352.41,5398.5
20250423,A017,L013,9231.7,24966.95,23400.52
20250424,A004,L009,26306.52,53293.35,49805.04
20250424,A005,L016,9944.35,6074.89,4685.11
20250424,A008,L006,909.15,14317.16,8882.55
20250424,A009,L006,0.0,3626.06,0.0
20250424,A010,L005,0.0,1912.73,15224.15
20250424,A012,L015,0.0,11146.92,7788.91
20250424,A013,L007,0.0,1977.31,3700.2
20250424,A017,L013,32992.97,33533.88,15097.22
20250425,A004,L009,49147.78,45869.729999999996,20690.61
20250425,A005,L016,16253.75,13528.740000000002,12694.56
20250425,A006,L016,1299.0,4639.31,2458.82
20250425,A008,L006,0.0,4710.09,0.0
20250425,A010,L005,13384.77,10696.130000000001,9229.41
20250425,A012,L015,8529.369999999999,4281.77,0.0
20250425,A013,L007,7610.48,5071.74,11468.11
20250425,A017,L013,26953.17,41048.35,9440.470000000001
20250426,A004,L009,35797.77,28959.6,26293.37
20250426,A005,L016,11072.36,8795.64,6588.200000000001
20250426,A008,L006,0.0,8902.380000000001,0.0
20250426,A009,L006,0.0,0.0,8989.449999999999
20250426,A010,L005,12899.710000000001,9154.23,8548.92
20250426,A012,L015,9548.41,6892.07,0.0
20250426,A013,L007,5654.85,0.0,8190.03
20250426,A017,L013,26053.63,36118.5,6546.84
20250427,A004,L009,45719.119999999995,24244.59,15339.83
20250427,A005,L016,11194.32,10436.85,17786.57
20250427,A006,L016,5704.26,3442.55,0.0
20250427,A008,L006,3844.4,3010.2,0.0
20250427,A010,L005,2430.24,11185.439999999999,17285.27
20250427,A012,L015,8728.04,14547.95,5107.26
20250427,A013,L007,0.0,4065.03,0.0
20250427,A017,L013,15880.28,43897.549999999996,21642.37
20250428,A004,L009,55153.56,39627.11,39486.75
20250428,A005,L016,15921.8,4552.66,30507.23
20250428,A006,L016,0.0,0.0,6795.76
20250428,A008,L006,7330.79,12924.73,6306.1900000000005
20250428,A009,L006,20324.02,1248.07,5397.879999999999
20250428,A010,L005,0.0,17834.26,7953.09
20250428,A012,L015,8067.68,2517.91,0.0
20250428,A013,L007,15687.13,0.0,9897.210000000001
20250428,A017,L013,6387.46,19889.39,16856.35
20250429,A004,L009,21907.12,14373.5,24031.34
20250429,A005,L016,13262.27,6059.34,6430.73
20250429,A006,L016,0.0,0.0,4919.83
20250429,A008,L006,4979.040000000001,0.0,6239.05
20250429,A009,L006,0.0,4924.25,0.0
20250429,A010,L005,4849.55,2740.87,22822.329999999998
20250429,A012,L015,1971.02,5100.67,0.0
20250429,A013,L007,1902.22,0.0,4801.5
20250429,A017,L013,7131.2,9141.54,42113.36
20250430,A004,L009,48388.72,40272.4,46925.07
20250430,A005,L016,17313.08,11644.6,6480.16
20250430,A006,L016,0.0,4881.92,0.0
20250430,A008,L006,0.0,8382.31,3031.49
20250430,A010,L005,6669.06,0.0,8355.76
20250430,A012,L015,0.0,2384.44,19003.82
20250430,A013,L007,0.0,6279.21,0.0
20250430,A017,L013,62847.66,14291.7,19631.949999999997
20250501,A004,L009,6354.879999999999,13308.89,70594.56
20250501,A005,L016,3106.19,19303.96,25201.1
20250501,A006,L016,2967.24,1766.89,8395.54
20250501,A008,L006,0.0,2267.78,14240.61
20250501,A009,L006,0.0,2139.05,0.0
20250501,A010,L005,12328.009999999998,5837.52,27409.620000000003
20250501,A012,L015,12807.44,0.0,0.0
20250501,A013,L007,2177.0,3961.15,3370.37
20250501,A017,L013,20855.65,11571.16,16022.02
20250502,A004,L009,27590.1,24007.28,50639.07
20250502,A005,L016,19915.239999999998,8369.24,25631.67
20250502,A006,L016,5796.19,0.0,1034.77
20250502,A008,L006,3848.2,2644.57,17212.11
20250502,A010,L005,11947.939999999999,16788.64,13513.29
20250502,A013,L007,0.0,0.0,8100.75
20250502,A017,L013,28054.12,36153.479999999996,20210.09
20250503,A004,L009,13699.32,7710.77,38630.23
20250503,A005,L016,8997.08,21255.1,10236.43
20250503,A006,L016,2390.22,0.0,0.0
20250503,A008,L006,4335.51,4922.59,8682.04
20250503,A009,L006,7865.66,0.0,4650.59
20250503,A010,L005,6133.25,3337.26,12735.08
20250503,A012,L015,8110.56,0.0,0.0
20250503,A017,L013,11649.41,14763.66,23427.82
20250504,A004,L009,27640.660000000003,45372.47,43769.39
20250504,A005,L016,0.0,12832.57,8628.88
20250504,A006,L016,3380.46,0.0,11319.55
20250504,A008,L006,0.0,1285.25,0.0
20250504,A009,L006,0.0,8637.14,1719.61
20250504,A010,L005,5415.42,5675.030000000001,13595.65
20250504,A012,L015,0.0,8202.48,0.0
20250504,A013,L007,3715.26,14702.05,6854.03
20250504,A017,L013,22017.739999999998,19163.53,21974.98
20250505,A004,L009,23249.07,35981.68,22449.07
20250505,A005,L016,2921.72,0.0,16853.9
20250505,A006,L016,0.0,0.0,3265.08
20250505,A008,L006,4885.9,1306.95,0.0
20250505,A009,L006,2794.07,0.0,0.0
20250505,A010,L005,10391.84,14383.490000000002,8753.17
20250505,A012,L015,2342.38,4316.1,4415.38
20250505,A013,L007,0.0,7800.35,0.0
20250505,A017,L013,22250.36,15934.880000000001,11772.83
20250506,A004,L009,31443.33,44135.56,37669.33
20250506,A005,L016,10055.130000000001,4867.73,19316.6
20250506,A006,L016,1769.76,0.0,8849.64
20250506,A008,L006,0.0,5380.16,2856.18
20250506,A009,L006,0.0,9642.26,7519.92
20250506,A010,L005,13409.98,1673.19,13630.419999999998
20250506,A012,L015,1800.92,0.0,6346.24
20250506,A013,L007,0.0,3063.96,0.0
20250506,A017,L013,11852.29,34076.33,11357.84
20250507,A004,L009,30747.2,36411.28,42093.12
20250507,A005,L016,0.0,12045.21,18461.18
20250507,A006,L016,9950.58,0.0,994.53
20250507,A008,L006,17435.1,3623.09,10167.06
20250507,A009,L006,0.0,2068.31,5963.01
20250507,A010,L005,7507.22,6190.6,6916.0199999999995
20250507,A012,L015,3299.14,2523.0,11884.26
20250507,A013,L007,5099.56,4300.98,9157.27
20250507,A017,L013,14181.099999999999,23518.66,17218.3
20250508,A004,L009,19305.14,27583.91,41979.520000000004
20250508,A005,L016,14847.71,21257.379999999997,16363.67
20250508,A006,L016,3935.05,13452.75,0.0
20250508,A008,L006,4832.97,15786.01,1535.92
20250508,A009,L006,0.0,26935.27,6663.2
20250508,A010,L005,19262.39,4918.62,4425.21
20250508,A012,L015,13375.11,0.0,3518.46
20250508,A013,L007,2663.85,11377.7,0.0
20250508,A017,L013,22725.11,21451.46,8949.19
20250509,A004,L009,44976.97,62954.14,64902.59
20250509,A005,L016,1811.99,22218.190000000002,2478.67
20250509,A006,L016,0.0,6909.43,0.0
20250509,A008,L006,0.0,3574.46,1685.84
20250509,A009,L006,5244.66,0.0,0.0
20250509,A010,L005,8539.29,5994.52,0.0
20250509,A013,L007,0.0,1021.22,8623.28
20250509,A017,L013,38846.56,26934.1,22107.559999999998
20250510,A004,L009,12502.210000000001,56674.53999999999,17645.6
20250510,A005,L016,16905.239999999998,13354.470000000001,6187.17
20250510,A006,L016,0.0,7209.07,5723.74
20250510,A008,L006,0.0,9960.380000000001,15765.47
20250510,A009,L006,7458.04,0.0,0.0
20250510,A010,L005,27564.63,1912.43,16904.32
20250510,A012,L015,4963.18,1538.03,0.0
20250510,A013,L007,0.0,0.0,7848.26
20250510,A017,L013,22610.05,19414.07,9017.05
20250511,A004,L009,35220.09,7701.94,41835.78
20250511,A005,L016,0.0,16725.73,14392.12
20250511,A006,L016,0.0,7628.05,2640.8
20250511,A008,L006,7560.83,0.0,2443.54
20250511,A009,L006,2165.0,3219.24,0.0
20250511,A010,L005,13733.14,11524.86,17018.3
20250511,A012,L015,3235.2,0.0,0.0
20250511,A013,L007,7815.33,0.0,5036.52
20250511,A017,L013,13902.28,12382.2,29619.08
20250512,A004,L009,27294.13,27761.059999999998,28035.2
20250512,A005,L016,2375.54,6282.31,3906.73
20250512,A006,L016,9306.87,4345.39,7643.599999999999
20250512,A008,L006,7257.280000000001,6136.66,6301.71
20250512,A009,L006,9270.43,15117.32,0.0
20250512,A010,L005,3723.11,0.0,19759.420000000002
20250512,A012,L015,6360.179999999999,0.0,0.0
20250512,A013,L007,3892.55,11953.8,1329.27
20250512,A017,L013,24915.129999999997,5532.59,19555.58
20250513,A004,L009,24754.65,24952.17,29770.559999999998
20250513,A005,L016,5612.459999999999,20971.68,10848.03
20250513,A006,L016,1703.61,0.0,0.0
20250513,A009,L006,8027.58,0.0,5122.91
20250513,A010,L005,7513.21,5049.58,6516.040000000001
20250513,A013,L007,3745.98,2844.34,3877.25
20250513,A017,L013,3737.44,44612.38,18124.1
20250514,A004,L009,32206.649999999998,24716.96,26258.79
20250514,A005,L016,7808.33,10682.05,853.2
20250514,A006,L016,1130.91,0.0,3197.38
20250514,A008,L006,8006.87,3457.07,8322.75
20250514,A009,L006,0.0,4988.53,7823.47
20250514,A010,L005,0.0,7431.12,4795.1900000000005
20250514,A012,L015,0.0,0.0,4101.76
20250514,A013,L007,7696.39,0.0,0.0
20250514,A017,L013,28743.68,34653.5,35093.64
20250515,A004,L009,38471.07,32296.68,33776.54
20250515,A005,L016,1546.41,10111.330000000002,6288.07
20250515,A006,L016,4444.35,8158.13,0.0
20250515,A008,L006,8831.82,8582.99,12384.86
20250515,A009,L006,3141.49,0.0,9894.27
20250515,A010,L005,12401.27,5572.599999999999,13982.849999999999
20250515,A013,L007,0.0,5259.41,0.0
20250515,A017,L013,24864.16,35029.479999999996,21992.02
20250516,A004,L009,58178.89,19114.97,18190.42
20250516,A005,L016,4529.53,2498.57,10665.01
20250516,A006,L016,0.0,700.02,11924.52
20250516,A008,L006,0.0,20380.04,22331.64
20250516,A010,L005,8086.11,13151.11,10453.67
20250516,A012,L015,1237.47,586.83,0.0
20250516,A013,L007,0.0,7312.51,0.0
20250516,A017,L013,26899.84,0.0,29865.54
20250517,A004,L009,17686.940000000002,39592.79,62298.23
20250517,A005,L016,8261.43,22469.07,0.0
20250517,A006,L016,888.57,0.0,0.0
20250517,A008,L006,15131.34,8409.52,9285.460000000001
20250517,A009,L006,0.0,6891.619999999999,10937.93
20250517,A010,L005,0.0,5312.54,5853.54
20250517,A012,L015,10835.36,0.0,5386.29
20250517,A017,L013,34386.619999999995,26028.89,26828.57
20250518,A004,L009,20442.4,36169.25,30408.690000000002
20250518,A005,L016,4069.12,12131.41,17515.92
20250518,A006,L016,0.0,12998.439999999999,0.0
20250518,A008,L006,5087.889999999999,9724.759999999998,16477.15
20250518,A009,L006,7293.030000000001,5121.56,0.0
20250518,A010,L005,5307.01,19495.74,0.0
20250518,A012,L015,0.0,0.0,605.58
20250518,A013,L007,0.0,5534.62,0.0
20250518,A017,L013,21893.04,14727.67,19524.93
20250519,A004,L009,25050.42,42611.89,31319.09
20250519,A005,L016,7770.49,16202.74,21275.5
20250519,A006,L016,9661.52,5181.29,1158.18
20250519,A008,L006,16369.830000000002,0.0,3670.84
20250519,A009,L006,0.0,835.44,0.0
20250519,A010,L005,2685.85,10518.42,7263.12
20250519,A012,L015,0.0,0.0,4612.47
20250519,A013,L007,9460.76,2907.06,10128.39
20250519,A017,L013,41230.86,29081.04,38630.08
20250520,A004,L009,63071.29,30425.07,39206.62
20250520,A005,L016,5960.19,13860.09,23023.239999999998
20250520,A006,L016,6055.87,4313.31,0.0
20250520,A008,L006,4082.67,2437.51,4457.51
20250520,A009,L006,0.0,2383.15,7186.0
20250520,A010,L005,9097.880000000001,7591.46,4374.91
20250520,A012,L015,0.0,2475.15,7979.74
20250520,A013,L007,12974.16,6551.969999999999,0.0
20250520,A017,L013,14934.960000000001,2093.76,40634.24
20250521,A004,L009,38218.86,36381.61,1659.32
20250521,A005,L016,11113.74,2552.66,11681.4
20250521,A006,L016,9084.02,1149.34,0.0
20250521,A008,L006,0.0,12132.119999999999,9709.94
20250521,A009,L006,14424.07,0.0,8636.04
20250521,A010,L005,13865.93,3237.16,5427.59
20250521,A012,L015,0.0,0.0,10071.7
20250521,A013,L007,4522.58,0.0,0.0
20250521,A017,L013,7712.02,36278.39,9887.07
20250522,A004,L009,17847.920000000002,25153.75,21649.2
20250522,A005,L016,5498.34,15271.15,1984.2399999999998
20250522,A006,L016,1599.76,1959.75,0.0
20250522,A008,L006,0.0,1350.45,9961.939999999999
20250522,A009,L006,2893.28,2538.82,5963.65
20250522,A010,L005,8657.0,3106.67,2273.63
20250522,A012,L015,0.0,4391.79,6230.2
20250522,A013,L007,0.0,7639.84,0.0
20250522,A017,L013,15984.939999999999,27272.46,30754.190000000002
20250523,A004,L009,37734.27,31380.190000000002,56377.11
20250523,A005,L016,4820.77,12425.82,0.0
20250523,A006,L016,2573.95,1764.51,1869.79
20250523,A008,L006,14061.14,4528.95,0.0
20250523,A010,L005,14137.46,1729.85,3378.28
20250523,A012,L015,0.0,3039.63,0.0
20250523,A013,L007,0.0,1678.96,11525.68
20250523,A017,L013,12061.39,13796.259999999998,21621.120000000003
20250524,A004,L009,12215.65,33711.62,20976.88
20250524,A005,L016,12341.369999999999,12157.01,5736.44
20250524,A006,L016,0.0,5314.68,6352.07
20250524,A008,L006,9632.52,0.0,2815.94
20250524,A009,L006,6273.01,0.0,0.0
20250524,A010,L005,16862.21,10258.92,4828.52
20250524,A017,L013,12472.0,17649.99,3931.02
20250525,A004,L009,22489.5,33887.979999999996,19362.870000000003
20250525,A005,L016,3693.91,27903.059999999998,5989.87
20250525,A006,L016,2832.1,0.0,2456.8
20250525,A008,L006,8418.03,4862.26,8315.25
20250525,A009,L006,0.0,2531.01,0.0
20250525,A010,L005,1959.0,12628.859999999999,18039.6
20250525,A012,L015,0.0,5348.44,8241.1
20250525,A013,L007,0.0,1931.86,0.0
20250525,A017,L013,24703.19,19108.989999999998,20768.15
20250526,A004,L009,33088.82,31543.79,27436.54
20250526,A005,L016,18623.690000000002,17841.66,10121.89
20250526,A008,L006,0.0,3610.93,4344.56
20250526,A009,L006,4970.8,0.0,3429.25
20250526,A010,L005,0.0,4407.42,0.0
20250526,A012,L015,0.0,4666.74,0.0
20250526,A013,L007,3264.59,0.0,0.0
20250526,A017,L013,10366.65,14530.63,22443.850000000002
20250527,A004,L009,24687.88,31974.9,38228.060000000005
20250527,A005,L016,32120.47,16115.3,20071.379999999997
20250527,A006,L016,7083.73,3964.35,2567.69
20250527,A008,L006,0.0,9606.73,10754.09
20250527,A009,L006,8259.26,2703.21,3227.79
20250527,A010,L005,2040.0,6080.16,1203.65
20250527,A017,L013,1682.62,15981.9,11793.33
20250528,A004,L009,48454.19,46721.71,37966.04
20250528,A005,L016,5813.12,10906.48,14397.18
20250528,A006,L016,0.0,0.0,1516.75
20250528,A008,L006,11639.71,3570.37,3420.43
20250528,A009,L006,3413.66,6222.13,0.0
20250528,A010,L005,13466.17,15814.6,25312.47
20250528,A012,L015,7045.53,0.0,19719.760000000002
20250528,A013,L007,6017.08,5254.32,0.0
20250528,A017,L013,19830.96,22839.57,20657.33
20250529,A004,L009,42670.33,54083.740000000005,19430.559999999998
20250529,A005,L016,13475.69,10771.9,7239.469999999999
20250529,A006,L016,2950.0,1239.86,0.0
20250529,A008,L006,21687.6,5746.19,11526.97
20250529,A009,L006,0.0,4034.08,0.0
20250529,A010,L005,0.0,17496.94,16002.05
20250529,A012,L015,11608.65,0.0,0.0
20250529,A013,L007,0.0,1848.61,0.0
20250529,A017,L013,9604.630000000001,22821.78,19040.98
20250530,A004,L009,25699.92,14330.21,24028.35
20250530,A005,L016,7924.91,7365.6,26965.16
20250530,A006,L016,0.0,0.0,6202.1
20250530,A008,L006,0.0,1472.7,4110.7
20250530,A009,L006,1370.62,3343.75,5410.94
20250530,A010,L005,43799.63,30812.339999999997,4557.87
20250530,A013,L007,0.0,2373.57,0.0
20250530,A017,L013,35272.24,11228.38,15383.23
20250531,A004,L009,31359.989999999998,19810.27,31663.39
20250531,A005,L016,11253.34,6972.530000000001,10735.91
20250531,A008,L006,0.0,22766.11,11739.47
20250531,A009,L006,514.94,0.0,0.0
20250531,A010,L005,18783.64,4989.49,15748.21
20250531,A012,L015,0.0,2843.89,0.0
20250531,A013,L007,9000.46,1938.41,0.0
20250531,A017,L013,35180.44,7470.22,31074.32
20250601,A004,L009,42855.83,32565.9,35105.44
20250601,A005,L016,1804.1,20746.190000000002,13565.050000000001
20250601,A006,L016,11072.74,3631.48,3915.21
20250601,A008,L006,0.0,2030.71,14574.759999999998
20250601,A009,L006,0.0,0.0,6898.67
20250601,A010,L005,11675.9,0.0,7455.72
20250601,A012,L015,0.0,1101.79,0.0
20250601,A013,L007,3262.5299999999997,6012.1,7928.58
20250601,A017,L013,6825.1,33663.36,31754.56
20250602,A004,L009,17676.72,14844.08,24711.39
20250602,A005,L016,5066.56,3891.96,0.0
20250602,A008,L006,3327.1099999999997,0.0,0.0
20250602,A009,L006,3329.74,0.0,10510.26
20250602,A010,L005,22326.67,6464.09,9075.77
20250602,A012,L015,8345.77,0.0,9991.52
20250602,A017,L013,40939.21,19664.0,20526.31
20250603,A004,L009,40636.26,29434.68,42796.09
20250603,A005,L016,24285.36,9078.1,9783.2
20250603,A006,L016,6960.099999999999,0.0,0.0
20250603,A008,L006,9137.32,5091.639999999999,8695.38
20250603,A009,L006,0.0,6087.97,7471.25
20250603,A010,L005,0.0,0.0,9320.289999999999
20250603,A012,L015,0.0,5425.38,6154.13
20250603,A017,L013,5733.0599999999995,49869.84,20033.91
20250604,A004,L009,28924.12,17468.09,16397.43
20250604,A005,L016,3625.2700000000004,13531.310000000001,1904.6
20250604,A006,L016,0.0,856.6,0.0
20250604,A008,L006,0.0,20248.24,10457.95
20250604,A009,L006,0.0,0.0,6940.1
20250604,A010,L005,13003.51,10112.630000000001,18928.73
20250604,A013,L007,4482.46,454.32,2233.27
20250604,A017,L013,23944.08,0.0,0.0
20250605,A004,L009,24303.09,23185.079999999998,10060.04
20250605,A005,L016,0.0,5254.62,15349.279999999999
20250605,A006,L016,4700.02,11939.9,2075.94
20250605,A008,L006,19307.5,10638.390000000001,7183.93
20250605,A009,L006,10655.59,0.0,5757.44
20250605,A010,L005,6635.12,0.0,17688.12
20250605,A012,L015,1609.01,8057.950000000001,2053.75
20250605,A013,L007,1854.68,6067.59,0.0
20250605,A017,L013,8956.36,16349.34,21247.920000000002
20250606,A004,L009,42091.04,22104.27,20352.33
20250606,A005,L016,12781.34,15127.0,12034.89
20250606,A006,L016,0.0,0.0,7535.219999999999
20250606,A008,L006,0.0,5947.29,16713.3
20250606,A009,L006,4973.21,0.0,1246.76
20250606,A010,L005,17832.66,2863.06,7980.12
20250606,A012,L015,0.0,7622.89,0.0
20250606,A013,L007,3158.93,0.0,0.0
20250606,A017,L013,19269.78,39283.53,36794.49
20250607,A004,L009,24219.16,37096.37,16608.19
20250607,A005,L016,10094.269999999999,22070.1,7894.96
20250607,A006,L016,0.0,0.0,9260.39
20250607,A008,L006,7685.71,17762.21,10040.039999999999
20250607,A009,L006,0.0,0.0,2481.29
20250607,A010,L005,45738.22,0.0,25373.27
20250607,A012,L015,6901.22,0.0,4339.76
20250607,A013,L007,0.0,814.75,0.0
20250607,A017,L013,13368.04,9437.4,46774.23
20250608,A004,L009,47215.2,48493.35,31713.94
20250608,A005,L016,11127.93,4296.44,17165.65
20250608,A006,L016,8650.87,0.0,4955.59
20250608,A008,L006,11753.43,6482.0,0.0
20250608,A009,L006,6745.55,0.0,0.0
20250608,A010,L005,0.0,8046.42,3476.34
20250608,A012,L015,3945.27,6888.299999999999,0.0
20250608,A013,L007,7730.36,2633.05,0.0
20250608,A017,L013,27656.71,32583.2,12176.24
20250609,A004,L009,31523.420000000002,52220.54,34205.27
20250609,A005,L016,11309.61,0.0,1949.46
20250609,A006,L016,0.0,9825.17,0.0
20250609,A008,L006,0.0,8757.84,0.0
20250609,A009,L006,1653.08,0.0,4405.66
20250609,A010,L005,11174.09,21283.97,8447.21
20250609,A012,L015,0.0,15084.029999999999,0.0
20250609,A013,L007,0.0,0.0,1691.38
20250609,A017,L013,18272.77,12490.42,15336.59
20250610,A004,L009,24322.910000000003,36549.07,12776.27
20250610,A005,L016,12617.04,4360.23,7930.92
20250610,A006,L016,0.0,0.0,1968.96
20250610,A008,L006,3145.41,3616.44,16802.75
20250610,A009,L006,0.0,13364.98,6900.81
20250610,A010,L005,5969.46,7223.4,11041.400000000001
20250610,A012,L015,1447.31,0.0,9489.29
20250610,A017,L013,20791.12,17137.86,13465.92
20250611,A004,L009,19636.97,32090.85,12604.63
20250611,A005,L016,3569.75,6052.41,0.0
20250611,A006,L016,4464.61,6838.75,2418.19
20250611,A008,L006,0.0,4925.52,8083.27
20250611,A009,L006,5957.08,6650.43,5031.110000000001
20250611,A010,L005,1706.91,11391.1,24194.7
20250611,A012,L015,13832.48,7922.12,11104.74
20250611,A013,L007,4081.74,5523.79,0.0
20250611,A017,L013,16130.34,9636.36,26370.13
20250612,A004,L009,24193.84,16636.08,25760.32
20250612,A005,L016,9756.43,26003.239999999998,17015.08
20250612,A006,L016,937.76,6564.89,0.0
20250612,A008,L006,3504.25,0.0,7418.1
20250612,A009,L006,869.48,8142.08,0.0
20250612,A012,L015,0.0,0.0,1465.71
20250612,A013,L007,3964.82,0.0,0.0
20250612,A017,L013,44393.16,13409.970000000001,3900.59
20250613,A004,L009,16388.699999999997,28945.41,28528.46
20250613,A005,L016,1308.37,17444.35,6922.72
20250613,A006,L016,12760.26,0.0,0.0
20250613,A008,L006,1760.35,0.0,3676.75
20250613,A009,L006,3571.87,1397.0,0.0
20250613,A010,L005,2586.43,11393.19,7386.92
20250613,A012,L015,0.0,1601.33,14238.03
20250613,A013,L007,0.0,2030.53,4879.4
20250613,A017,L013,20635.69,9613.11,19113.07
20250614,A004,L009,43104.08,37047.18,41391.4
20250614,A005,L016,9499.279999999999,3213.8500000000004,6017.97
20250614,A006,L016,4555.38,5192.84,9430.86
20250614,A008,L006,2815.23,6024.05,29660.899999999998
20250614,A009,L006,8476.02,9021.09,12062.43
20250614,A010,L005,18938.2,7555.44,17493.51
20250614,A012,L015,6111.11,11415.29,0.0
20250614,A013,L007,3715.71,10974.34,0.0
20250614,A017,L013,20836.21,13549.32,28327.34
20250615,A004,L009,41948.869999999995,69148.15,34523.69
20250615,A005,L016,21624.83,27260.760000000002,17987.210000000003
20250615,A006,L016,5092.14,0.0,0.0
20250615,A008,L006,19414.72,16354.710000000001,3466.11
20250615,A009,L006,0.0,7941.87,0.0
20250615,A010,L005,16534.59,3393.01,6380.04
20250615,A012,L015,1896.33,0.0,3052.1
20250615,A013,L007,0.0,6186.62,0.0
20250615,A017,L013,27821.010000000002,15927.22,34182.38
20250616,A004,L009,23277.89,31144.76,20840.43
20250616,A005,L016,2868.0600000000004,0.0,17713.32
20250616,A006,L016,0.0,4240.969999999999,5774.25
20250616,A008,L006,4696.28,0.0,14465.650000000001
20250616,A009,L006,3536.29,6927.6900000000005,0.0
20250616,A010,L005,3942.48,5186.24,16898.9
20250616,A012,L015,0.0,3064.42,0.0
20250616,A013,L007,9348.22,0.0,0.0
20250616,A017,L013,35056.03,42905.37,49773.95
20250617,A004,L009,8192.05,35512.89,29182.620000000003
20250617,A005,L016,12047.21,9045.98,13741.68
20250617,A006,L016,6558.36,0.0,1532.31
20250617,A008,L006,1484.52,0.0,3665.04
20250617,A009,L006,8360.36,0.0,0.0
20250617,A010,L005,15467.98,8247.05,3875.59
20250617,A012,L015,1571.78,8564.05,5078.88
20250617,A017,L013,2170.39,24281.91,11723.85
20250618,A004,L009,27843.1,53614.95,23617.37
20250618,A005,L016,14324.76,6000.14,27652.47
20250618,A006,L016,0.0,7884.76,2020.03
20250618,A008,L006,0.0,12030.65,12074.849999999999
20250618,A009,L006,2322.52,2736.62,0.0
20250618,A010,L005,3865.59,5335.24,2942.29
20250618,A012,L015,1335.84,0.0,10390.26
20250618,A017,L013,20554.34,20261.06,16064.61
20250619,A004,L009,30572.25,65789.44,20755.28
20250619,A005,L016,16148.44,5791.59,3253.29
20250619,A006,L016,882.13,0.0,0.0
20250619,A008,L006,7612.6,693.19,7535.98
20250619,A010,L005,13039.3,11754.9,9130.65
20250619,A012,L015,0.0,9648.82,3432.1
20250619,A013,L007,3818.7,7143.469999999999,0.0
20250619,A017,L013,16314.230000000001,12948.17,14079.74
20250620,A004,L009,24302.53,24136.77,52671.479999999996
20250620,A005,L016,11560.8,4609.53,0.0
20250620,A006,L016,0.0,3479.82,0.0
20250620,A008,L006,9861.08,8388.88,9507.95
20250620,A009,L006,0.0,0.0,2830.01
20250620,A010,L005,7763.84,13976.18,10893.990000000002
20250620,A012,L015,1792.32,0.0,0.0
20250620,A013,L007,896.07,7431.93,0.0
20250620,A017,L013,30631.91,12683.490000000002,7606.54
20250621,A004,L009,29987.09,41986.44,17997.45
20250621,A005,L016,14501.45,9439.71,6848.0
20250621,A006,L016,8149.94,12098.61,0.0
20250621,A008,L006,15945.16,11433.560000000001,5790.2
20250621,A009,L006,17590.75,12550.7,15233.46
20250621,A010,L005,0.0,4700.9,7792.71
20250621,A013,L007,2911.96,5569.5,2152.65
20250621,A017,L013,41284.99,14716.01,22072.17
20250622,A004,L009,36358.04,29688.050000000003,37887.53
20250622,A005,L016,16155.23,26112.07,1714.27
20250622,A006,L016,1220.05,2254.52,0.0
20250622,A008,L006,3024.22,1028.88,0.0
20250622,A009,L006,0.0,3511.43,0.0
20250622,A010,L005,3274.42,6081.03,8806.21
20250622,A012,L015,0.0,9038.34,3912.47
20250622,A013,L007,13818.17,3379.62,6151.02
20250622,A017,L013,24994.06,20373.83,21180.03
20250623,A004,L009,17689.47,20230.71,34339.71
20250623,A005,L016,28413.879999999997,10820.48,19220.0
20250623,A008,L006,20508.379999999997,7812.21,8337.41
20250623,A009,L006,8532.89,3677.15,1306.52
20250623,A010,L005,29722.02,7342.87,11552.8
20250623,A012,L015,0.0,9633.66,0.0
20250623,A013,L007,1284.87,0.0,8190.98
20250623,A017,L013,10914.26,14970.83,20986.96
20250624,A004,L009,35409.2,26640.61,45431.22
20250624,A005,L016,5193.07,12486.849999999999,6751.81
20250624,A006,L016,0.0,0.0,3038.01
20250624,A008,L006,0.0,0.0,8316.98
20250624,A009,L006,0.0,10429.619999999999,6355.34
20250624,A010,L005,0.0,938.92,14558.48
20250624,A012,L015,0.0,4717.04,0.0
20250624,A013,L007,8836.630000000001,0.0,1558.43
20250624,A017,L013,22879.850000000002,45909.71,7938.92
20250625,A004,L009,24884.93,44177.979999999996,28270.1
20250625,A005,L016,7530.93,11425.1,1945.2
20250625,A006,L016,0.0,11542.17,0.0
20250625,A008,L006,0.0,6977.86,9415.619999999999
20250625,A009,L006,0.0,0.0,12760.67
20250625,A010,L005,12776.85,2966.69,16427.6
20250625,A012,L015,4388.55,7774.1900000000005,9993.35
20250625,A013,L007,0.0,0.0,10779.89
20250625,A017,L013,18553.36,5564.65,37475.36
20250626,A004,L009,13595.42,12147.5,38990.84
20250626,A005,L016,13223.449999999999,9579.55,0.0
20250626,A006,L016,0.0,7375.04,0.0
20250626,A008,L006,1111.34,8599.96,0.0
20250626,A009,L006,0.0,0.0,3533.67
20250626,A010,L005,12191.24,2480.03,0.0
20250626,A012,L015,0.0,0.0,8373.130000000001
20250626,A017,L013,20811.12,27438.53,45959.38
20250627,A004,L009,13855.34,42651.31,13417.11
20250627,A005,L016,17204.5,18127.53,33328.78
20250627,A006,L016,7044.51,0.0,14310.45
20250627,A008,L006,5892.5199999999995,6781.55,0.0
20250627,A009,L006,0.0,0.0,2948.69
20250627,A010,L005,9185.0,15798.03,30931.32
20250627,A012,L015,3475.69,0.0,0.0
20250627,A013,L007,0.0,5476.14,0.0
20250627,A017,L013,19432.5,24578.46,20116.05
20250628,A004,L009,43868.01,33554.979999999996,18951.75
20250628,A005,L016,4585.48,22570.84,18786.12
20250628,A006,L016,4039.66,3817.38,4005.31
20250628,A008,L006,3869.92,7452.84,4543.85
20250628,A009,L006,7541.36,0.0,0.0
20250628,A010,L005,8940.619999999999,7042.5,5500.32
20250628,A012,L015,9811.86,6954.19,4112.28
20250628,A013,L007,9715.01,0.0,8132.15
20250628,A017,L013,4730.54,14163.080000000002,8695.96
20250629,A004,L009,45910.61,19896.08,16723.19
20250629,A005,L016,18371.54,10844.73,15746.8
20250629,A006,L016,15291.61,8515.29,0.0
20250629,A008,L006,17296.09,9921.87,3324.01
20250629,A009,L006,0.0,1129.0,0.0
20250629,A010,L005,24058.85,16664.93,19070.21
20250629,A012,L015,0.0,2187.8,1200.25
20250629,A013,L007,5233.120000000001,0.0,7904.77
20250629,A017,L013,31100.16,39981.54,15694.93
20250630,A004,L009,22237.72,23451.15,30076.899999999998
20250630,A005,L016,7227.64,19118.27,10686.6
20250630,A006,L016,0.0,0.0,1892.9
20250630,A008,L006,4110.33,5874.799999999999,11838.369999999999
20250630,A009,L006,0.0,3898.32,0.0
20250630,A010,L005,5838.38,8729.94,10466.640000000001
20250630,A012,L015,4925.889999999999,5961.48,1103.01
20250630,A013,L007,3164.04,0.0,2621.2
20250630,A017,L013,18811.93,32070.39,11998.61
