IncidentID,DateKey,AreaID,EquipmentID,LocationID,Severity,IncidentType,CorrectiveActionStatus,DaysOpen,LostTimeFlag,RiskCategory,_SourceFile,_ExportedAt,_LegacyRowNumber
IN00001,20250227,A017,EQ0041,L013,Baja,Bloqueo y etiquetado,Abierta,7,False,Operación,project_fact_incidentes_export.csv,2026-06-23T00:00:00,1
IN00002,20250629,A004,EQ0018,L009,Baja,Riesgo geotécnico,Cerrada,0,False,Ambiente,project_fact_incidentes_export.csv,2026-06-23T00:00:00,2
IN00003,20250625,A005,EQ0047,L016,Media,Incidente operacional,Cerrada,0,False,Ambiente,project_fact_incidentes_export.csv,2026-06-23T00:00:00,3
IN00004,20250420,A004,EQ0006,L009,Media,Riesgo geotécnico,Cerrada,0,True,Calidad,project_fact_incidentes_export.csv,2026-06-23T00:00:00,4
IN00005,20250503,A010,EQ0038,L005,Alta,Incidente operacional,Abierta,117,False,Geotecnia,project_fact_incidentes_export.csv,2026-06-23T00:00:00,5
IN00006,20250103,A017,EQ0005,L013,Baja,Casi accidente,En Proceso,56,False,Ambiente,project_fact_incidentes_export.csv,2026-06-23T00:00:00,6
IN00007,20250523,A008,EQ0058,L006,Media,Riesgo geotécnico,Abierta,60,False,Operación,project_fact_incidentes_export.csv,2026-06-23T00:00:00,7
IN00008,20250316,A006,EQ0056,L016,Media,Incidente de tránsito mina,En Proceso,80,False,Geotecnia,project_fact_incidentes_export.csv,2026-06-23T00:00:00,8
IN00009,20250624,A010,EQ0038,L005,Alta,Derrame menor,Abierta,66,False,Seguridad,project_fact_incidentes_export.csv,2026-06-23T00:00:00,9
IN00010,20250627,A004,EQ0011,L009,Baja,Evento HSE,Vencida,60,False,Ambiente,project_fact_incidentes_export.csv,2026-06-23T00:00:00,10
IN00011,20250128,A004,EQ0059,L009,Baja,Exposición a energía,Cerrada,0,False,Operación,project_fact_incidentes_export.csv,2026-06-23T00:00:00,11
IN00012,20250521,A010,EQ0015,L005,Baja,Acto subestándar,En Proceso,27,False,Geotecnia,project_fact_incidentes_export.csv,2026-06-23T00:00:00,12
IN00013,20250322,A017,EQ0017,L013,Media,Falla de control crítico,Cerrada,0,False,Operación,project_fact_incidentes_export.csv,2026-06-23T00:00:00,13
IN00014,20250618,A017,EQ0014,L013,Alta,Acto subestándar,Cerrada,0,True,Operación,project_fact_incidentes_export.csv,2026-06-23T00:00:00,14
IN00015,20250621,A004,EQ0052,L009,Baja,Condición subestándar,Cerrada,0,True,Geotecnia,project_fact_incidentes_export.csv,2026-06-23T00:00:00,15
IN00016,20250617,A004,EQ0036,L009,Baja,Falla de control crítico,Cerrada,0,False,Operación,project_fact_incidentes_export.csv,2026-06-23T00:00:00,16
IN00017,20250121,A017,EQ0024,L013,Media,Evento HSE,Abierta,11,False,Geotecnia,project_fact_incidentes_export.csv,2026-06-23T00:00:00,17
IN00018,20250529,A005,EQ0029,L016,Baja,Evento en taller,Cerrada,0,False,Seguridad,project_fact_incidentes_export.csv,2026-06-23T00:00:00,18
IN00019,20250608,A004,EQ0020,L009,Crítica,Falla de control crítico,Cerrada,0,True,Geotecnia,project_fact_incidentes_export.csv,2026-06-23T00:00:00,19
IN00020,20250317,A004,EQ0006,L009,Baja,Riesgo geotécnico,Cerrada,0,False,Calidad,project_fact_incidentes_export.csv,2026-06-23T00:00:00,20
IN00021,20250101,A004,EQ0060,L009,Media,Evento en taller,En Proceso,23,False,Operación,project_fact_incidentes_export.csv,2026-06-23T00:00:00,21
IN00022,20250215,A005,EQ0016,L016,Baja,Casi accidente,Cerrada,0,False,Seguridad,project_fact_incidentes_export.csv,2026-06-23T00:00:00,22
IN00023,20250317,A010,EQ0015,L005,Media,Casi accidente,Abierta,46,True,Geotecnia,project_fact_incidentes_export.csv,2026-06-23T00:00:00,23
IN00024,20250227,A006,EQ0031,L016,Alta,Condición subestándar,Cerrada,0,False,Geotecnia,project_fact_incidentes_export.csv,2026-06-23T00:00:00,24
IN00025,20250518,A005,EQ0029,L016,Media,Evento HSE,Cerrada,0,False,Ambiente,project_fact_incidentes_export.csv,2026-06-23T00:00:00,25
IN00026,20250131,A017,EQ0005,L013,Baja,Casi accidente,Cerrada,0,False,Seguridad,project_fact_incidentes_export.csv,2026-06-23T00:00:00,26
IN00027,20250429,A004,EQ0019,L009,Baja,Evento HSE,Abierta,83,False,Calidad,project_fact_incidentes_export.csv,2026-06-23T00:00:00,27
IN00028,20250115,A004,EQ0046,L009,Media,Incidente operacional,Cerrada,0,False,Ambiente,project_fact_incidentes_export.csv,2026-06-23T00:00:00,28
IN00029,20250318,A005,EQ0044,L016,Baja,Bloqueo y etiquetado,Cerrada,0,False,Seguridad,project_fact_incidentes_export.csv,2026-06-23T00:00:00,29
IN00030,20250502,A004,EQ0046,L009,Media,Evento en taller,Cerrada,0,False,Ambiente,project_fact_incidentes_export.csv,2026-06-23T00:00:00,30
IN00031,20250217,A017,EQ0014,L013,Media,Falla de control crítico,Cerrada,0,False,Seguridad,project_fact_incidentes_export.csv,2026-06-23T00:00:00,31
IN00032,20250314,A004,EQ0053,L009,Media,Derrame menor,Cerrada,0,False,Calidad,project_fact_incidentes_export.csv,2026-06-23T00:00:00,32
IN00033,20250610,A017,EQ0005,L013,Media,Exposición a energía,Cerrada,0,False,Calidad,project_fact_incidentes_export.csv,2026-06-23T00:00:00,33
IN00034,20250305,A004,EQ0052,L009,Media,Falla de control crítico,Cerrada,0,False,Geotecnia,project_fact_incidentes_export.csv,2026-06-23T00:00:00,34
IN00035,20250131,A017,EQ0030,L013,Baja,Derrame menor,Cerrada,0,True,Ambiente,project_fact_incidentes_export.csv,2026-06-23T00:00:00,35
IN00036,20250630,A017,EQ0021,L013,Media,Falla de control crítico,Cerrada,0,False,Seguridad,project_fact_incidentes_export.csv,2026-06-23T00:00:00,36
IN00037,20250524,A005,EQ0001,L016,Baja,Derrame menor,Cerrada,0,False,Ambiente,project_fact_incidentes_export.csv,2026-06-23T00:00:00,37
IN00038,20250111,A017,EQ0021,L013,Crítica,Falla de control crítico,Cerrada,0,False,Seguridad,project_fact_incidentes_export.csv,2026-06-23T00:00:00,38
IN00039,20250126,A004,EQ0060,L009,Media,Evento en taller,En Proceso,68,False,Seguridad,project_fact_incidentes_export.csv,2026-06-23T00:00:00,39
IN00040,20250307,A010,EQ0032,L005,Media,Evento en taller,Cerrada,0,False,Geotecnia,project_fact_incidentes_export.csv,2026-06-23T00:00:00,40
IN00041,20250116,A004,EQ0051,L009,Baja,Riesgo geotécnico,Abierta,64,True,Geotecnia,project_fact_incidentes_export.csv,2026-06-23T00:00:00,41
IN00042,20250502,A006,EQ0031,L016,Baja,Incidente operacional,Cerrada,0,False,Geotecnia,project_fact_incidentes_export.csv,2026-06-23T00:00:00,42
IN00043,20250321,A017,EQ0021,L013,Crítica,Acto subestándar,En Proceso,5,False,Ambiente,project_fact_incidentes_export.csv,2026-06-23T00:00:00,43
IN00044,20250424,A017,EQ0055,L013,Media,Derrame menor,En Proceso,112,False,Geotecnia,project_fact_incidentes_export.csv,2026-06-23T00:00:00,44
IN00045,20250122,A006,EQ0056,L016,Baja,Incidente operacional,Cerrada,0,False,Geotecnia,project_fact_incidentes_export.csv,2026-06-23T00:00:00,45
IN00046,20250617,A004,EQ0048,L009,Baja,Condición subestándar,En Proceso,93,True,Operación,project_fact_incidentes_export.csv,2026-06-23T00:00:00,46
IN00047,20250520,A004,EQ0059,L009,Media,Evento en taller,Abierta,70,True,Operación,project_fact_incidentes_export.csv,2026-06-23T00:00:00,47
IN00048,20250613,A005,EQ0037,L016,Media,Incidente operacional,Cerrada,0,False,Ambiente,project_fact_incidentes_export.csv,2026-06-23T00:00:00,48
IN00049,20250515,A017,EQ0041,L013,Baja,Riesgo geotécnico,Abierta,68,False,Geotecnia,project_fact_incidentes_export.csv,2026-06-23T00:00:00,49
IN00050,20250626,A010,EQ0028,L005,Alta,Casi accidente,Cerrada,0,False,Ambiente,project_fact_incidentes_export.csv,2026-06-23T00:00:00,50
IN00051,20250207,A017,EQ0041,L013,Baja,Acto subestándar,Cerrada,0,False,Geotecnia,project_fact_incidentes_export.csv,2026-06-23T00:00:00,51
IN00052,20250209,A005,EQ0029,L016,Baja,Evento en correa,En Proceso,86,False,Geotecnia,project_fact_incidentes_export.csv,2026-06-23T00:00:00,52
IN00053,20250306,A005,EQ0034,L016,Media,Bloqueo y etiquetado,Abierta,39,True,Ambiente,project_fact_incidentes_export.csv,2026-06-23T00:00:00,53
IN00054,20250408,A017,EQ0041,L013,Media,Evento en correa,En Proceso,22,False,Operación,project_fact_incidentes_export.csv,2026-06-23T00:00:00,54
IN00055,20250610,A017,EQ0041,L013,Crítica,Riesgo geotécnico,Abierta,89,True,Ambiente,project_fact_incidentes_export.csv,2026-06-23T00:00:00,55
IN00056,20250519,A010,EQ0039,L005,Alta,Incidente de tránsito mina,En Proceso,60,False,Ambiente,project_fact_incidentes_export.csv,2026-06-23T00:00:00,56
IN00057,20250318,A004,EQ0060,L009,Baja,Evento HSE,Cerrada,0,False,Geotecnia,project_fact_incidentes_export.csv,2026-06-23T00:00:00,57
IN00058,20250615,A005,EQ0013,L016,Baja,Incidente de tránsito mina,En Proceso,19,False,Geotecnia,project_fact_incidentes_export.csv,2026-06-23T00:00:00,58
IN00059,20250201,A008,EQ0042,L006,Baja,Acto subestándar,Cerrada,0,True,Geotecnia,project_fact_incidentes_export.csv,2026-06-23T00:00:00,59
IN00060,20250322,A008,EQ0033,L006,Media,Derrame menor,En Proceso,111,False,Geotecnia,project_fact_incidentes_export.csv,2026-06-23T00:00:00,60
IN00061,20250214,A004,EQ0049,L009,Baja,Derrame menor,Cerrada,0,True,Operación,project_fact_incidentes_export.csv,2026-06-23T00:00:00,61
IN00062,20250527,A004,EQ0057,L009,Alta,Acto subestándar,Cerrada,0,False,Geotecnia,project_fact_incidentes_export.csv,2026-06-23T00:00:00,62
IN00063,20250219,A004,EQ0057,L009,Media,Incidente operacional,Abierta,25,False,Geotecnia,project_fact_incidentes_export.csv,2026-06-23T00:00:00,63
IN00064,20250110,A004,EQ0020,L009,Baja,Falla de control crítico,Cerrada,0,False,Ambiente,project_fact_incidentes_export.csv,2026-06-23T00:00:00,64
IN00065,20250430,A004,EQ0007,L009,Baja,Exposición a energía,En Proceso,77,False,Ambiente,project_fact_incidentes_export.csv,2026-06-23T00:00:00,65
IN00066,20250209,A004,EQ0002,L009,Baja,Evento en correa,Cerrada,0,False,Operación,project_fact_incidentes_export.csv,2026-06-23T00:00:00,66
IN00067,20250417,A017,EQ0027,L013,Media,Falla de control crítico,En Proceso,102,False,Operación,project_fact_incidentes_export.csv,2026-06-23T00:00:00,67
IN00068,20250320,A006,EQ0031,L016,Media,Falla de control crítico,En Proceso,96,False,Operación,project_fact_incidentes_export.csv,2026-06-23T00:00:00,68
IN00069,20250228,A005,EQ0016,L016,Baja,Casi accidente,Cerrada,0,False,Ambiente,project_fact_incidentes_export.csv,2026-06-23T00:00:00,69
IN00070,20250105,A012,EQ0035,L015,Media,Falla de control crítico,Cerrada,0,True,Operación,project_fact_incidentes_export.csv,2026-06-23T00:00:00,70
IN00071,20250102,A010,EQ0028,L005,Media,Exposición a energía,Cerrada,0,False,Seguridad,project_fact_incidentes_export.csv,2026-06-23T00:00:00,71
IN00072,20250417,A010,EQ0025,L005,Media,Evento en correa,Vencida,17,False,Ambiente,project_fact_incidentes_export.csv,2026-06-23T00:00:00,72
IN00073,20250113,A017,EQ0017,L013,Baja,Incidente operacional,Cerrada,0,False,Geotecnia,project_fact_incidentes_export.csv,2026-06-23T00:00:00,73
IN00074,20250326,A017,EQ0008,L013,Alta,Riesgo geotécnico,En Proceso,29,False,Calidad,project_fact_incidentes_export.csv,2026-06-23T00:00:00,74
IN00075,20250220,A010,EQ0015,L005,Media,Derrame menor,En Proceso,32,False,Geotecnia,project_fact_incidentes_export.csv,2026-06-23T00:00:00,75
IN00076,20250130,A017,EQ0017,L013,Media,Evento HSE,Cerrada,0,False,Geotecnia,project_fact_incidentes_export.csv,2026-06-23T00:00:00,76
IN00077,20250312,A008,EQ0033,L006,Alta,Falla de control crítico,Abierta,10,False,Operación,project_fact_incidentes_export.csv,2026-06-23T00:00:00,77
IN00078,20250630,A017,EQ0024,L013,Baja,Acto subestándar,Cerrada,0,False,Ambiente,project_fact_incidentes_export.csv,2026-06-23T00:00:00,78
IN00079,20250120,A004,EQ0049,L009,Media,Bloqueo y etiquetado,Cerrada,0,False,Seguridad,project_fact_incidentes_export.csv,2026-06-23T00:00:00,79
IN00080,20250124,A004,EQ0052,L009,Media,Casi accidente,Cerrada,0,False,Operación,project_fact_incidentes_export.csv,2026-06-23T00:00:00,80
IN00081,20250116,A017,EQ0005,L013,Baja,Falla de control crítico,En Proceso,28,False,Geotecnia,project_fact_incidentes_export.csv,2026-06-23T00:00:00,81
IN00082,20250408,A004,EQ0004,L009,Alta,Evento HSE,En Proceso,76,False,Seguridad,project_fact_incidentes_export.csv,2026-06-23T00:00:00,82
IN00083,20250213,A008,EQ0042,L006,Media,Evento en taller,Cerrada,0,False,Calidad,project_fact_incidentes_export.csv,2026-06-23T00:00:00,83
IN00084,20250404,A017,EQ0009,L013,Alta,Casi accidente,Cerrada,0,False,Calidad,project_fact_incidentes_export.csv,2026-06-23T00:00:00,84
IN00085,20250323,A004,EQ0059,L009,Baja,Casi accidente,Cerrada,0,True,Geotecnia,project_fact_incidentes_export.csv,2026-06-23T00:00:00,85
IN00086,20250511,A004,EQ0060,L009,Media,Riesgo geotécnico,Cerrada,0,False,Seguridad,project_fact_incidentes_export.csv,2026-06-23T00:00:00,86
IN00087,20250624,A017,EQ0009,L013,Baja,Incidente operacional,Cerrada,0,True,Calidad,project_fact_incidentes_export.csv,2026-06-23T00:00:00,87
IN00088,20250114,A012,EQ0045,L015,Alta,Exposición a energía,Cerrada,0,False,Geotecnia,project_fact_incidentes_export.csv,2026-06-23T00:00:00,88
IN00089,20250315,A017,EQ0005,L013,Baja,Riesgo geotécnico,En Proceso,32,False,Geotecnia,project_fact_incidentes_export.csv,2026-06-23T00:00:00,89
IN00090,20250217,A017,EQ0055,L013,Alta,Condición subestándar,Cerrada,0,False,Seguridad,project_fact_incidentes_export.csv,2026-06-23T00:00:00,90
IN00091,20250212,A006,EQ0031,L016,Media,Incidente de tránsito mina,En Proceso,90,False,Ambiente,project_fact_incidentes_export.csv,2026-06-23T00:00:00,91
IN00092,20250610,A004,EQ0048,L009,Alta,Incidente de tránsito mina,Cerrada,0,True,Operación,project_fact_incidentes_export.csv,2026-06-23T00:00:00,92
IN00093,20250521,A004,EQ0019,L009,Media,Bloqueo y etiquetado,Cerrada,0,False,Ambiente,project_fact_incidentes_export.csv,2026-06-23T00:00:00,93
IN00094,20250626,A004,EQ0060,L009,Baja,Incidente operacional,Cerrada,0,False,Geotecnia,project_fact_incidentes_export.csv,2026-06-23T00:00:00,94
IN00095,20250602,A017,EQ0041,L013,Baja,Evento en correa,En Proceso,28,False,Seguridad,project_fact_incidentes_export.csv,2026-06-23T00:00:00,95
IN00096,20250507,A004,EQ0036,L009,Baja,Bloqueo y etiquetado,En Proceso,18,False,Seguridad,project_fact_incidentes_export.csv,2026-06-23T00:00:00,96
IN00097,20250609,A004,EQ0004,L009,Media,Acto subestándar,Cerrada,0,False,Operación,project_fact_incidentes_export.csv,2026-06-23T00:00:00,97
IN00098,20250428,A013,EQ0026,L007,Alta,Acto subestándar,Cerrada,0,False,Calidad,project_fact_incidentes_export.csv,2026-06-23T00:00:00,98
IN00099,20250125,A017,EQ0005,L013,Alta,Riesgo geotécnico,Cerrada,0,False,Ambiente,project_fact_incidentes_export.csv,2026-06-23T00:00:00,99
IN00100,20250622,A004,EQ0018,L009,Baja,Riesgo geotécnico,Cerrada,0,False,Calidad,project_fact_incidentes_export.csv,2026-06-23T00:00:00,100
IN00101,20250521,A017,EQ0003,L013,Baja,Bloqueo y etiquetado,En Proceso,79,False,Ambiente,project_fact_incidentes_export.csv,2026-06-23T00:00:00,101
IN00102,20250325,A017,EQ0024,L013,Media,Evento en correa,Cerrada,0,True,Seguridad,project_fact_incidentes_export.csv,2026-06-23T00:00:00,102
IN00103,20250429,A004,EQ0004,L009,Alta,Riesgo geotécnico,Cerrada,0,False,Ambiente,project_fact_incidentes_export.csv,2026-06-23T00:00:00,103
IN00104,20250126,A004,EQ0057,L009,Baja,Incidente de tránsito mina,Abierta,22,False,Geotecnia,project_fact_incidentes_export.csv,2026-06-23T00:00:00,104
IN00105,20250204,A005,EQ0037,L016,Alta,Acto subestándar,Cerrada,0,False,Geotecnia,project_fact_incidentes_export.csv,2026-06-23T00:00:00,105
IN00106,20250317,A017,EQ0040,L013,Baja,Evento en correa,Cerrada,0,True,Seguridad,project_fact_incidentes_export.csv,2026-06-23T00:00:00,106
IN00107,20250415,A004,EQ0011,L009,Baja,Evento en taller,Vencida,29,False,Seguridad,project_fact_incidentes_export.csv,2026-06-23T00:00:00,107
IN00108,20250131,A009,EQ0022,L006,Baja,Bloqueo y etiquetado,En Proceso,107,False,Geotecnia,project_fact_incidentes_export.csv,2026-06-23T00:00:00,108
IN00109,20250114,A004,EQ0051,L009,Media,Acto subestándar,Cerrada,0,False,Ambiente,project_fact_incidentes_export.csv,2026-06-23T00:00:00,109
IN00110,20250427,A004,EQ0057,L009,Media,Derrame menor,Cerrada,0,False,Seguridad,project_fact_incidentes_export.csv,2026-06-23T00:00:00,110
IN00111,20250309,A005,EQ0034,L016,Media,Evento en taller,Cerrada,0,False,Geotecnia,project_fact_incidentes_export.csv,2026-06-23T00:00:00,111
IN00112,20250503,A017,EQ0055,L013,Baja,Falla de control crítico,Cerrada,0,False,Calidad,project_fact_incidentes_export.csv,2026-06-23T00:00:00,112
IN00113,20250316,A004,EQ0051,L009,Media,Evento en taller,Cerrada,0,False,Seguridad,project_fact_incidentes_export.csv,2026-06-23T00:00:00,113
IN00114,20250226,A006,EQ0031,L016,Baja,Acto subestándar,Cerrada,0,False,Calidad,project_fact_incidentes_export.csv,2026-06-23T00:00:00,114
IN00115,20250426,A008,EQ0012,L006,Media,Casi accidente,Cerrada,0,False,Ambiente,project_fact_incidentes_export.csv,2026-06-23T00:00:00,115
IN00116,20250629,A008,EQ0058,L006,Baja,Falla de control crítico,Abierta,31,False,Seguridad,project_fact_incidentes_export.csv,2026-06-23T00:00:00,116
IN00117,20250323,A004,EQ0002,L009,Media,Evento HSE,Cerrada,0,False,Geotecnia,project_fact_incidentes_export.csv,2026-06-23T00:00:00,117
IN00118,20250405,A010,EQ0039,L005,Alta,Incidente de tránsito mina,Abierta,35,False,Seguridad,project_fact_incidentes_export.csv,2026-06-23T00:00:00,118
IN00119,20250105,A017,EQ0017,L013,Baja,Derrame menor,En Proceso,85,False,Seguridad,project_fact_incidentes_export.csv,2026-06-23T00:00:00,119
IN00120,20250513,A005,EQ0013,L016,Alta,Riesgo geotécnico,Cerrada,0,False,Ambiente,project_fact_incidentes_export.csv,2026-06-23T00:00:00,120
IN00121,20250408,A005,EQ0001,L016,Media,Riesgo geotécnico,Cerrada,0,False,Seguridad,project_fact_incidentes_export.csv,2026-06-23T00:00:00,121
IN00122,20250322,A017,EQ0008,L013,Media,Falla de control crítico,Cerrada,0,False,Ambiente,project_fact_incidentes_export.csv,2026-06-23T00:00:00,122
IN00123,20250520,A017,EQ0009,L013,Baja,Riesgo geotécnico,Abierta,75,False,Geotecnia,project_fact_incidentes_export.csv,2026-06-23T00:00:00,123
IN00124,20250522,A010,EQ0032,L005,Media,Derrame menor,Abierta,33,False,Seguridad,project_fact_incidentes_export.csv,2026-06-23T00:00:00,124
IN00125,20250104,A010,EQ0038,L005,Baja,Derrame menor,Cerrada,0,False,Geotecnia,project_fact_incidentes_export.csv,2026-06-23T00:00:00,125
IN00126,20250303,A004,EQ0004,L009,Media,Casi accidente,Cerrada,0,False,Calidad,project_fact_incidentes_export.csv,2026-06-23T00:00:00,126
IN00127,20250116,A017,EQ0041,L013,Media,Condición subestándar,Cerrada,0,True,Geotecnia,project_fact_incidentes_export.csv,2026-06-23T00:00:00,127
IN00128,20250304,A010,EQ0025,L005,Alta,Casi accidente,En Proceso,103,False,Seguridad,project_fact_incidentes_export.csv,2026-06-23T00:00:00,128
IN00129,20250422,A004,EQ0011,L009,Baja,Casi accidente,En Proceso,79,False,Seguridad,project_fact_incidentes_export.csv,2026-06-23T00:00:00,129
IN00130,20250506,A017,EQ0014,L013,Media,Evento HSE,Cerrada,0,False,Seguridad,project_fact_incidentes_export.csv,2026-06-23T00:00:00,130
IN00131,20250221,A017,EQ0017,L013,Media,Condición subestándar,Cerrada,0,False,Seguridad,project_fact_incidentes_export.csv,2026-06-23T00:00:00,131
IN00132,20250202,A005,EQ0013,L016,Alta,Bloqueo y etiquetado,En Proceso,118,False,Operación,project_fact_incidentes_export.csv,2026-06-23T00:00:00,132
IN00133,20250320,A004,EQ0048,L009,Baja,Condición subestándar,En Proceso,51,False,Operación,project_fact_incidentes_export.csv,2026-06-23T00:00:00,133
IN00134,20250331,A005,EQ0037,L016,Media,Riesgo geotécnico,Cerrada,0,False,Ambiente,project_fact_incidentes_export.csv,2026-06-23T00:00:00,134
IN00135,20250228,A017,EQ0017,L013,Alta,Evento HSE,Cerrada,0,False,Calidad,project_fact_incidentes_export.csv,2026-06-23T00:00:00,135
IN00136,20250126,A017,EQ0040,L013,Media,Casi accidente,En Proceso,55,False,Operación,project_fact_incidentes_export.csv,2026-06-23T00:00:00,136
IN00137,20250325,A004,EQ0052,L009,Alta,Acto subestándar,Cerrada,0,False,Geotecnia,project_fact_incidentes_export.csv,2026-06-23T00:00:00,137
IN00138,20250416,A005,EQ0029,L016,Baja,Acto subestándar,En Proceso,12,False,Ambiente,project_fact_incidentes_export.csv,2026-06-23T00:00:00,138
IN00139,20250308,A004,EQ0019,L009,Baja,Evento en taller,En Proceso,35,False,Geotecnia,project_fact_incidentes_export.csv,2026-06-23T00:00:00,139
IN00140,20250623,A005,EQ0016,L016,Baja,Acto subestándar,En Proceso,34,False,Operación,project_fact_incidentes_export.csv,2026-06-23T00:00:00,140
IN00141,20250316,A008,EQ0033,L006,Baja,Condición subestándar,Vencida,25,True,Geotecnia,project_fact_incidentes_export.csv,2026-06-23T00:00:00,141
IN00142,20250614,A017,EQ0040,L013,Media,Incidente de tránsito mina,Cerrada,0,False,Calidad,project_fact_incidentes_export.csv,2026-06-23T00:00:00,142
IN00143,20250419,A004,EQ0049,L009,Baja,Derrame menor,Cerrada,0,False,Calidad,project_fact_incidentes_export.csv,2026-06-23T00:00:00,143
IN00144,20250509,A017,EQ0005,L013,Media,Derrame menor,Abierta,30,False,Geotecnia,project_fact_incidentes_export.csv,2026-06-23T00:00:00,144
IN00145,20250207,A017,EQ0008,L013,Baja,Riesgo geotécnico,Cerrada,0,False,Seguridad,project_fact_incidentes_export.csv,2026-06-23T00:00:00,145
IN00146,20250315,A004,EQ0036,L009,Baja,Incidente operacional,Vencida,16,True,Geotecnia,project_fact_incidentes_export.csv,2026-06-23T00:00:00,146
IN00147,20250116,A005,EQ0044,L016,Baja,Evento HSE,Cerrada,0,False,Calidad,project_fact_incidentes_export.csv,2026-06-23T00:00:00,147
IN00148,20250516,A004,EQ0059,L009,Baja,Derrame menor,Abierta,106,True,Operación,project_fact_incidentes_export.csv,2026-06-23T00:00:00,148
IN00149,20250409,A006,EQ0056,L016,Media,Condición subestándar,Abierta,97,False,Ambiente,project_fact_incidentes_export.csv,2026-06-23T00:00:00,149
IN00150,20250101,A004,EQ0004,L009,Baja,Falla de control crítico,En Proceso,57,False,Seguridad,project_fact_incidentes_export.csv,2026-06-23T00:00:00,150
IN00151,20250113,A004,EQ0006,L009,Baja,Casi accidente,En Proceso,25,False,Geotecnia,project_fact_incidentes_export.csv,2026-06-23T00:00:00,151
IN00152,20250210,A004,EQ0002,L009,Baja,Riesgo geotécnico,Abierta,19,False,Geotecnia,project_fact_incidentes_export.csv,2026-06-23T00:00:00,152
IN00153,20250113,A010,EQ0032,L005,Media,Evento HSE,Cerrada,0,False,Seguridad,project_fact_incidentes_export.csv,2026-06-23T00:00:00,153
IN00154,20250326,A006,EQ0031,L016,Baja,Incidente de tránsito mina,En Proceso,89,True,Seguridad,project_fact_incidentes_export.csv,2026-06-23T00:00:00,154
IN00155,20250513,A004,EQ0051,L009,Alta,Falla de control crítico,Abierta,115,False,Operación,project_fact_incidentes_export.csv,2026-06-23T00:00:00,155
IN00156,20250209,A006,EQ0031,L016,Baja,Evento en correa,En Proceso,64,False,Operación,project_fact_incidentes_export.csv,2026-06-23T00:00:00,156
IN00157,20250220,A017,EQ0027,L013,Media,Incidente operacional,Cerrada,0,False,Ambiente,project_fact_incidentes_export.csv,2026-06-23T00:00:00,157
IN00158,20250409,A017,EQ0009,L013,Media,Riesgo geotécnico,En Proceso,75,False,Seguridad,project_fact_incidentes_export.csv,2026-06-23T00:00:00,158
IN00159,20250215,A008,EQ0042,L006,Baja,Bloqueo y etiquetado,Cerrada,0,False,Seguridad,project_fact_incidentes_export.csv,2026-06-23T00:00:00,159
IN00160,20250604,A017,EQ0030,L013,Baja,Riesgo geotécnico,Cerrada,0,False,Geotecnia,project_fact_incidentes_export.csv,2026-06-23T00:00:00,160
IN00161,20250404,A017,EQ0005,L013,Baja,Exposición a energía,Abierta,84,False,Geotecnia,project_fact_incidentes_export.csv,2026-06-23T00:00:00,161
IN00162,20250410,A009,EQ0022,L006,Baja,Derrame menor,Cerrada,0,False,Ambiente,project_fact_incidentes_export.csv,2026-06-23T00:00:00,162
IN00163,20250327,A005,EQ0016,L016,Baja,Falla de control crítico,Abierta,99,True,Ambiente,project_fact_incidentes_export.csv,2026-06-23T00:00:00,163
IN00164,20250131,A017,EQ0023,L013,Media,Acto subestándar,Cerrada,0,False,Seguridad,project_fact_incidentes_export.csv,2026-06-23T00:00:00,164
IN00165,20250216,A004,EQ0002,L009,Media,Evento en taller,Cerrada,0,True,Geotecnia,project_fact_incidentes_export.csv,2026-06-23T00:00:00,165
IN00166,20250525,A017,EQ0009,L013,Baja,Evento en taller,En Proceso,75,False,Geotecnia,project_fact_incidentes_export.csv,2026-06-23T00:00:00,166
IN00167,20250222,A005,EQ0016,L016,Media,Bloqueo y etiquetado,Abierta,45,False,Operación,project_fact_incidentes_export.csv,2026-06-23T00:00:00,167
IN00168,20250117,A009,EQ0043,L006,Baja,Riesgo geotécnico,Cerrada,0,False,Geotecnia,project_fact_incidentes_export.csv,2026-06-23T00:00:00,168
IN00169,20250210,A004,EQ0020,L009,Baja,Casi accidente,Cerrada,0,False,Ambiente,project_fact_incidentes_export.csv,2026-06-23T00:00:00,169
IN00170,20250118,A004,EQ0004,L009,Baja,Evento en correa,Cerrada,0,False,Ambiente,project_fact_incidentes_export.csv,2026-06-23T00:00:00,170
IN00171,20250411,A004,EQ0019,L009,Baja,Evento en correa,Cerrada,0,False,Seguridad,project_fact_incidentes_export.csv,2026-06-23T00:00:00,171
IN00172,20250105,A017,EQ0023,L013,Baja,Bloqueo y etiquetado,Cerrada,0,False,Seguridad,project_fact_incidentes_export.csv,2026-06-23T00:00:00,172
IN00173,20250628,A004,EQ0007,L009,Baja,Condición subestándar,Vencida,41,False,Ambiente,project_fact_incidentes_export.csv,2026-06-23T00:00:00,173
IN00174,20250127,A010,EQ0032,L005,Crítica,Casi accidente,Vencida,13,False,Calidad,project_fact_incidentes_export.csv,2026-06-23T00:00:00,174
IN00175,20250105,A010,EQ0025,L005,Crítica,Incidente de tránsito mina,En Proceso,107,False,Geotecnia,project_fact_incidentes_export.csv,2026-06-23T00:00:00,175
IN00176,20250325,A012,EQ0035,L015,Baja,Riesgo geotécnico,Cerrada,0,False,Calidad,project_fact_incidentes_export.csv,2026-06-23T00:00:00,176
IN00177,20250507,A004,EQ0053,L009,Media,Evento HSE,Cerrada,0,False,Seguridad,project_fact_incidentes_export.csv,2026-06-23T00:00:00,177
IN00178,20250615,A006,EQ0056,L016,Media,Evento HSE,En Proceso,93,False,Ambiente,project_fact_incidentes_export.csv,2026-06-23T00:00:00,178
IN00179,20250219,A017,EQ0024,L013,Media,Evento en correa,Cerrada,0,False,Operación,project_fact_incidentes_export.csv,2026-06-23T00:00:00,179
IN00180,20250324,A017,EQ0024,L013,Alta,Incidente operacional,En Proceso,105,False,Seguridad,project_fact_incidentes_export.csv,2026-06-23T00:00:00,180
IN00181,20250424,A004,EQ0052,L009,Baja,Evento en taller,Abierta,49,False,Geotecnia,project_fact_incidentes_export.csv,2026-06-23T00:00:00,181
IN00182,20250211,A004,EQ0036,L009,Alta,Derrame menor,Cerrada,0,False,Seguridad,project_fact_incidentes_export.csv,2026-06-23T00:00:00,182
IN00183,20250402,A017,EQ0023,L013,Alta,Derrame menor,Vencida,116,False,Calidad,project_fact_incidentes_export.csv,2026-06-23T00:00:00,183
IN00184,20250315,A008,EQ0033,L006,Baja,Evento en taller,Cerrada,0,False,Operación,project_fact_incidentes_export.csv,2026-06-23T00:00:00,184
IN00185,20250330,A005,EQ0001,L016,Alta,Derrame menor,Vencida,41,False,Ambiente,project_fact_incidentes_export.csv,2026-06-23T00:00:00,185
IN00186,20250628,A010,EQ0039,L005,Media,Acto subestándar,Cerrada,0,False,Calidad,project_fact_incidentes_export.csv,2026-06-23T00:00:00,186
IN00187,20250321,A005,EQ0013,L016,Baja,Evento en taller,Abierta,32,False,Seguridad,project_fact_incidentes_export.csv,2026-06-23T00:00:00,187
IN00188,20250116,A005,EQ0016,L016,Baja,Incidente de tránsito mina,Cerrada,0,False,Geotecnia,project_fact_incidentes_export.csv,2026-06-23T00:00:00,188
IN00189,20250602,A005,EQ0044,L016,Alta,Riesgo geotécnico,Cerrada,0,False,Geotecnia,project_fact_incidentes_export.csv,2026-06-23T00:00:00,189
IN00190,20250405,A004,EQ0011,L009,Alta,Riesgo geotécnico,Cerrada,0,False,Calidad,project_fact_incidentes_export.csv,2026-06-23T00:00:00,190
IN00191,20250618,A017,EQ0055,L013,Baja,Falla de control crítico,Cerrada,0,False,Calidad,project_fact_incidentes_export.csv,2026-06-23T00:00:00,191
IN00192,20250224,A017,EQ0014,L013,Alta,Condición subestándar,Cerrada,0,False,Ambiente,project_fact_incidentes_export.csv,2026-06-23T00:00:00,192
IN00193,20250516,A017,EQ0040,L013,Baja,Evento en taller,Cerrada,0,False,Calidad,project_fact_incidentes_export.csv,2026-06-23T00:00:00,193
IN00194,20250524,A004,EQ0051,L009,Baja,Acto subestándar,Abierta,60,True,Ambiente,project_fact_incidentes_export.csv,2026-06-23T00:00:00,194
IN00195,20250323,A004,EQ0011,L009,Baja,Acto subestándar,En Proceso,21,False,Operación,project_fact_incidentes_export.csv,2026-06-23T00:00:00,195
IN00196,20250619,A017,EQ0023,L013,Media,Bloqueo y etiquetado,Cerrada,0,False,Ambiente,project_fact_incidentes_export.csv,2026-06-23T00:00:00,196
IN00197,20250322,A017,EQ0005,L013,Alta,Evento en taller,Abierta,20,True,Operación,project_fact_incidentes_export.csv,2026-06-23T00:00:00,197
IN00198,20250509,A017,EQ0024,L013,Media,Derrame menor,Cerrada,0,False,Calidad,project_fact_incidentes_export.csv,2026-06-23T00:00:00,198
IN00199,20250326,A008,EQ0058,L006,Media,Derrame menor,Cerrada,0,False,Ambiente,project_fact_incidentes_export.csv,2026-06-23T00:00:00,199
IN00200,20250601,A005,EQ0029,L016,Baja,Condición subestándar,Abierta,100,False,Seguridad,project_fact_incidentes_export.csv,2026-06-23T00:00:00,200
IN00201,20250223,A013,EQ0026,L007,Media,Acto subestándar,Cerrada,0,False,Ambiente,project_fact_incidentes_export.csv,2026-06-23T00:00:00,201
IN00202,20250503,A005,EQ0001,L016,Media,Incidente de tránsito mina,Abierta,106,False,Geotecnia,project_fact_incidentes_export.csv,2026-06-23T00:00:00,202
IN00203,20250226,A004,EQ0054,L009,Media,Falla de control crítico,En Proceso,93,False,Ambiente,project_fact_incidentes_export.csv,2026-06-23T00:00:00,203
IN00204,20250224,A004,EQ0019,L009,Media,Bloqueo y etiquetado,Cerrada,0,False,Seguridad,project_fact_incidentes_export.csv,2026-06-23T00:00:00,204
IN00205,20250422,A004,EQ0048,L009,Baja,Riesgo geotécnico,Cerrada,0,False,Geotecnia,project_fact_incidentes_export.csv,2026-06-23T00:00:00,205
IN00206,20250630,A006,EQ0031,L016,Baja,Condición subestándar,Vencida,65,False,Geotecnia,project_fact_incidentes_export.csv,2026-06-23T00:00:00,206
IN00207,20250422,A017,EQ0014,L013,Alta,Evento en correa,Cerrada,0,False,Geotecnia,project_fact_incidentes_export.csv,2026-06-23T00:00:00,207
IN00208,20250204,A004,EQ0007,L009,Alta,Evento en correa,Cerrada,0,False,Seguridad,project_fact_incidentes_export.csv,2026-06-23T00:00:00,208
IN00209,20250222,A010,EQ0015,L005,Media,Condición subestándar,En Proceso,110,False,Ambiente,project_fact_incidentes_export.csv,2026-06-23T00:00:00,209
IN00210,20250417,A017,EQ0008,L013,Crítica,Incidente operacional,En Proceso,68,False,Ambiente,project_fact_incidentes_export.csv,2026-06-23T00:00:00,210
IN00211,20250529,A004,EQ0052,L009,Baja,Incidente operacional,Cerrada,0,False,Calidad,project_fact_incidentes_export.csv,2026-06-23T00:00:00,211
IN00212,20250610,A005,EQ0047,L016,Media,Casi accidente,Abierta,102,True,Seguridad,project_fact_incidentes_export.csv,2026-06-23T00:00:00,212
IN00213,20250130,A004,EQ0046,L009,Baja,Incidente de tránsito mina,Cerrada,0,False,Geotecnia,project_fact_incidentes_export.csv,2026-06-23T00:00:00,213
IN00214,20250119,A017,EQ0023,L013,Media,Evento en correa,Cerrada,0,False,Geotecnia,project_fact_incidentes_export.csv,2026-06-23T00:00:00,214
IN00215,20250124,A004,EQ0007,L009,Media,Condición subestándar,En Proceso,101,False,Seguridad,project_fact_incidentes_export.csv,2026-06-23T00:00:00,215
IN00216,20250404,A009,EQ0022,L006,Baja,Evento en correa,Cerrada,0,False,Ambiente,project_fact_incidentes_export.csv,2026-06-23T00:00:00,216
IN00217,20250318,A009,EQ0022,L006,Baja,Incidente de tránsito mina,Cerrada,0,True,Calidad,project_fact_incidentes_export.csv,2026-06-23T00:00:00,217
IN00218,20250217,A017,EQ0055,L013,Media,Derrame menor,Abierta,63,False,Calidad,project_fact_incidentes_export.csv,2026-06-23T00:00:00,218
IN00219,20250404,A004,EQ0019,L009,Baja,Bloqueo y etiquetado,Cerrada,0,False,Ambiente,project_fact_incidentes_export.csv,2026-06-23T00:00:00,219
IN00220,20250412,A017,EQ0055,L013,Baja,Evento en correa,Cerrada,0,True,Seguridad,project_fact_incidentes_export.csv,2026-06-23T00:00:00,220
IN00221,20250527,A008,EQ0012,L006,Media,Condición subestándar,Cerrada,0,True,Operación,project_fact_incidentes_export.csv,2026-06-23T00:00:00,221
IN00222,20250518,A004,EQ0052,L009,Media,Acto subestándar,Abierta,24,False,Seguridad,project_fact_incidentes_export.csv,2026-06-23T00:00:00,222
IN00223,20250302,A004,EQ0059,L009,Media,Evento en correa,En Proceso,25,False,Geotecnia,project_fact_incidentes_export.csv,2026-06-23T00:00:00,223
IN00224,20250522,A004,EQ0052,L009,Media,Bloqueo y etiquetado,En Proceso,103,False,Operación,project_fact_incidentes_export.csv,2026-06-23T00:00:00,224
IN00225,20250607,A017,EQ0041,L013,Media,Casi accidente,Cerrada,0,False,Seguridad,project_fact_incidentes_export.csv,2026-06-23T00:00:00,225
IN00226,20250331,A017,EQ0030,L013,Baja,Condición subestándar,Abierta,70,False,Seguridad,project_fact_incidentes_export.csv,2026-06-23T00:00:00,226
IN00227,20250626,A004,EQ0046,L009,Baja,Evento en taller,En Proceso,64,False,Calidad,project_fact_incidentes_export.csv,2026-06-23T00:00:00,227
IN00228,20250616,A013,EQ0026,L007,Baja,Evento en taller,Cerrada,0,False,Seguridad,project_fact_incidentes_export.csv,2026-06-23T00:00:00,228
IN00229,20250412,A017,EQ0003,L013,Media,Casi accidente,En Proceso,75,True,Seguridad,project_fact_incidentes_export.csv,2026-06-23T00:00:00,229
IN00230,20250601,A004,EQ0004,L009,Baja,Incidente operacional,Abierta,80,False,Operación,project_fact_incidentes_export.csv,2026-06-23T00:00:00,230
IN00231,20250201,A005,EQ0013,L016,Baja,Derrame menor,Cerrada,0,False,Ambiente,project_fact_incidentes_export.csv,2026-06-23T00:00:00,231
IN00232,20250224,A017,EQ0009,L013,Baja,Condición subestándar,Abierta,5,False,Calidad,project_fact_incidentes_export.csv,2026-06-23T00:00:00,232
IN00233,20250210,A006,EQ0056,L016,Media,Acto subestándar,Cerrada,0,False,Calidad,project_fact_incidentes_export.csv,2026-06-23T00:00:00,233
IN00234,20250129,A004,EQ0018,L009,Baja,Riesgo geotécnico,Cerrada,0,False,Ambiente,project_fact_incidentes_export.csv,2026-06-23T00:00:00,234
IN00235,20250301,A004,EQ0011,L009,Media,Falla de control crítico,Cerrada,0,True,Ambiente,project_fact_incidentes_export.csv,2026-06-23T00:00:00,235
IN00236,20250206,A017,EQ0017,L013,Media,Evento en correa,Abierta,108,False,Ambiente,project_fact_incidentes_export.csv,2026-06-23T00:00:00,236
IN00237,20250520,A010,EQ0038,L005,Media,Evento en correa,En Proceso,77,True,Ambiente,project_fact_incidentes_export.csv,2026-06-23T00:00:00,237
IN00238,20250118,A004,EQ0053,L009,Baja,Derrame menor,En Proceso,66,False,Seguridad,project_fact_incidentes_export.csv,2026-06-23T00:00:00,238
IN00239,20250317,A008,EQ0058,L006,Baja,Derrame menor,En Proceso,61,False,Operación,project_fact_incidentes_export.csv,2026-06-23T00:00:00,239
IN00240,20250620,A017,EQ0009,L013,Baja,Acto subestándar,Cerrada,0,False,Operación,project_fact_incidentes_export.csv,2026-06-23T00:00:00,240
IN00241,20250616,A005,EQ0001,L016,Baja,Casi accidente,Cerrada,0,False,Operación,project_fact_incidentes_export.csv,2026-06-23T00:00:00,241
IN00242,20250324,A004,EQ0002,L009,Media,Riesgo geotécnico,En Proceso,8,False,Ambiente,project_fact_incidentes_export.csv,2026-06-23T00:00:00,242
IN00243,20250609,A010,EQ0015,L005,Media,Casi accidente,Vencida,115,False,Ambiente,project_fact_incidentes_export.csv,2026-06-23T00:00:00,243
IN00244,20250409,A005,EQ0037,L016,Media,Bloqueo y etiquetado,Abierta,40,False,Calidad,project_fact_incidentes_export.csv,2026-06-23T00:00:00,244
IN00245,20250203,A005,EQ0029,L016,Baja,Evento HSE,Cerrada,0,False,Geotecnia,project_fact_incidentes_export.csv,2026-06-23T00:00:00,245
IN00246,20250331,A009,EQ0043,L006,Alta,Evento HSE,Cerrada,0,False,Geotecnia,project_fact_incidentes_export.csv,2026-06-23T00:00:00,246
IN00247,20250627,A017,EQ0024,L013,Baja,Casi accidente,Abierta,96,False,Operación,project_fact_incidentes_export.csv,2026-06-23T00:00:00,247
IN00248,20250327,A005,EQ0001,L016,Media,Acto subestándar,Cerrada,0,False,Operación,project_fact_incidentes_export.csv,2026-06-23T00:00:00,248
IN00249,20250617,A005,EQ0029,L016,Baja,Derrame menor,Cerrada,0,False,Operación,project_fact_incidentes_export.csv,2026-06-23T00:00:00,249
IN00250,20250104,A005,EQ0029,L016,Media,Evento en correa,Vencida,96,True,Geotecnia,project_fact_incidentes_export.csv,2026-06-23T00:00:00,250
IN00251,20250305,A004,EQ0006,L009,Baja,Exposición a energía,Cerrada,0,False,Calidad,project_fact_incidentes_export.csv,2026-06-23T00:00:00,251
IN00252,20250306,A008,EQ0033,L006,Media,Exposición a energía,Abierta,108,False,Ambiente,project_fact_incidentes_export.csv,2026-06-23T00:00:00,252
IN00253,20250110,A004,EQ0006,L009,Baja,Derrame menor,Cerrada,0,False,Geotecnia,project_fact_incidentes_export.csv,2026-06-23T00:00:00,253
IN00254,20250620,A004,EQ0036,L009,Baja,Incidente operacional,Cerrada,0,False,Geotecnia,project_fact_incidentes_export.csv,2026-06-23T00:00:00,254
IN00255,20250205,A006,EQ0031,L016,Media,Casi accidente,Cerrada,0,True,Calidad,project_fact_incidentes_export.csv,2026-06-23T00:00:00,255
IN00256,20250212,A004,EQ0019,L009,Baja,Exposición a energía,Cerrada,0,False,Ambiente,project_fact_incidentes_export.csv,2026-06-23T00:00:00,256
IN00257,20250418,A004,EQ0010,L009,Media,Acto subestándar,Cerrada,0,False,Seguridad,project_fact_incidentes_export.csv,2026-06-23T00:00:00,257
IN00258,20250501,A017,EQ0041,L013,Alta,Condición subestándar,Cerrada,0,False,Ambiente,project_fact_incidentes_export.csv,2026-06-23T00:00:00,258
IN00259,20250626,A005,EQ0001,L016,Baja,Riesgo geotécnico,Cerrada,0,False,Seguridad,project_fact_incidentes_export.csv,2026-06-23T00:00:00,259
IN00260,20250221,A012,EQ0035,L015,Media,Evento en taller,En Proceso,10,False,Ambiente,project_fact_incidentes_export.csv,2026-06-23T00:00:00,260
IN00261,20250601,A005,EQ0044,L016,Baja,Incidente de tránsito mina,Cerrada,0,False,Operación,project_fact_incidentes_export.csv,2026-06-23T00:00:00,261
IN00262,20250615,A010,EQ0025,L005,Alta,Bloqueo y etiquetado,Cerrada,0,False,Ambiente,project_fact_incidentes_export.csv,2026-06-23T00:00:00,262
IN00263,20250513,A004,EQ0007,L009,Media,Evento en correa,Cerrada,0,False,Seguridad,project_fact_incidentes_export.csv,2026-06-23T00:00:00,263
IN00264,20250402,A006,EQ0056,L016,Media,Bloqueo y etiquetado,Cerrada,0,False,Ambiente,project_fact_incidentes_export.csv,2026-06-23T00:00:00,264
IN00265,20250218,A017,EQ0023,L013,Baja,Casi accidente,Abierta,89,False,Geotecnia,project_fact_incidentes_export.csv,2026-06-23T00:00:00,265
IN00266,20250308,A017,EQ0040,L013,Media,Evento en correa,Cerrada,0,False,Calidad,project_fact_incidentes_export.csv,2026-06-23T00:00:00,266
IN00267,20250115,A006,EQ0031,L016,Media,Evento en correa,En Proceso,87,True,Ambiente,project_fact_incidentes_export.csv,2026-06-23T00:00:00,267
IN00268,20250514,A017,EQ0041,L013,Baja,Bloqueo y etiquetado,Vencida,43,False,Seguridad,project_fact_incidentes_export.csv,2026-06-23T00:00:00,268
IN00269,20250415,A004,EQ0052,L009,Media,Evento en correa,Cerrada,0,True,Seguridad,project_fact_incidentes_export.csv,2026-06-23T00:00:00,269
IN00270,20250506,A004,EQ0036,L009,Media,Exposición a energía,Cerrada,0,False,Ambiente,project_fact_incidentes_export.csv,2026-06-23T00:00:00,270
IN00271,20250129,A005,EQ0001,L016,Baja,Riesgo geotécnico,En Proceso,117,False,Seguridad,project_fact_incidentes_export.csv,2026-06-23T00:00:00,271
IN00272,20250107,A017,EQ0041,L013,Media,Evento en taller,Cerrada,0,False,Seguridad,project_fact_incidentes_export.csv,2026-06-23T00:00:00,272
IN00273,20250419,A004,EQ0059,L009,Baja,Exposición a energía,Cerrada,0,False,Seguridad,project_fact_incidentes_export.csv,2026-06-23T00:00:00,273
IN00274,20250323,A017,EQ0023,L013,Alta,Falla de control crítico,En Proceso,70,False,Calidad,project_fact_incidentes_export.csv,2026-06-23T00:00:00,274
IN00275,20250511,A017,EQ0008,L013,Media,Acto subestándar,Cerrada,0,False,Geotecnia,project_fact_incidentes_export.csv,2026-06-23T00:00:00,275
IN00276,20250615,A004,EQ0011,L009,Baja,Incidente de tránsito mina,En Proceso,51,False,Ambiente,project_fact_incidentes_export.csv,2026-06-23T00:00:00,276
IN00277,20250326,A010,EQ0015,L005,Media,Incidente operacional,Cerrada,0,False,Ambiente,project_fact_incidentes_export.csv,2026-06-23T00:00:00,277
IN00278,20250415,A004,EQ0059,L009,Crítica,Acto subestándar,Cerrada,0,False,Operación,project_fact_incidentes_export.csv,2026-06-23T00:00:00,278
IN00279,20250422,A005,EQ0044,L016,Media,Exposición a energía,Cerrada,0,False,Seguridad,project_fact_incidentes_export.csv,2026-06-23T00:00:00,279
IN00280,20250310,A005,EQ0034,L016,Media,Incidente de tránsito mina,Cerrada,0,False,Seguridad,project_fact_incidentes_export.csv,2026-06-23T00:00:00,280
IN00281,20250531,A004,EQ0053,L009,Baja,Derrame menor,Abierta,76,False,Ambiente,project_fact_incidentes_export.csv,2026-06-23T00:00:00,281
IN00282,20250106,A004,EQ0010,L009,Media,Casi accidente,Cerrada,0,False,Ambiente,project_fact_incidentes_export.csv,2026-06-23T00:00:00,282
IN00283,20250411,A010,EQ0038,L005,Alta,Casi accidente,Abierta,117,False,Ambiente,project_fact_incidentes_export.csv,2026-06-23T00:00:00,283
IN00284,20250113,A013,EQ0050,L007,Alta,Bloqueo y etiquetado,Cerrada,0,False,Calidad,project_fact_incidentes_export.csv,2026-06-23T00:00:00,284
IN00285,20250505,A004,EQ0020,L009,Baja,Bloqueo y etiquetado,Cerrada,0,False,Calidad,project_fact_incidentes_export.csv,2026-06-23T00:00:00,285
IN00286,20250214,A010,EQ0015,L005,Alta,Bloqueo y etiquetado,Cerrada,0,False,Geotecnia,project_fact_incidentes_export.csv,2026-06-23T00:00:00,286
IN00287,20250130,A010,EQ0028,L005,Media,Acto subestándar,Vencida,111,False,Geotecnia,project_fact_incidentes_export.csv,2026-06-23T00:00:00,287
IN00288,20250302,A005,EQ0001,L016,Baja,Falla de control crítico,Cerrada,0,False,Calidad,project_fact_incidentes_export.csv,2026-06-23T00:00:00,288
IN00289,20250221,A013,EQ0026,L007,Baja,Evento en taller,Cerrada,0,False,Seguridad,project_fact_incidentes_export.csv,2026-06-23T00:00:00,289
IN00290,20250219,A004,EQ0020,L009,Media,Exposición a energía,Cerrada,0,False,Geotecnia,project_fact_incidentes_export.csv,2026-06-23T00:00:00,290
IN00291,20250628,A010,EQ0025,L005,Alta,Bloqueo y etiquetado,Abierta,59,False,Geotecnia,project_fact_incidentes_export.csv,2026-06-23T00:00:00,291
IN00292,20250325,A008,EQ0042,L006,Media,Riesgo geotécnico,Cerrada,0,False,Operación,project_fact_incidentes_export.csv,2026-06-23T00:00:00,292
IN00293,20250514,A013,EQ0026,L007,Baja,Condición subestándar,En Proceso,114,False,Calidad,project_fact_incidentes_export.csv,2026-06-23T00:00:00,293
IN00294,20250326,A005,EQ0001,L016,Baja,Derrame menor,Cerrada,0,False,Operación,project_fact_incidentes_export.csv,2026-06-23T00:00:00,294
IN00295,20250429,A004,EQ0049,L009,Baja,Evento en taller,Vencida,71,False,Geotecnia,project_fact_incidentes_export.csv,2026-06-23T00:00:00,295
IN00296,20250109,A008,EQ0042,L006,Alta,Bloqueo y etiquetado,Cerrada,0,True,Geotecnia,project_fact_incidentes_export.csv,2026-06-23T00:00:00,296
IN00297,20250113,A008,EQ0042,L006,Baja,Incidente de tránsito mina,En Proceso,102,False,Calidad,project_fact_incidentes_export.csv,2026-06-23T00:00:00,297
IN00298,20250219,A004,EQ0053,L009,Media,Incidente de tránsito mina,Abierta,74,False,Seguridad,project_fact_incidentes_export.csv,2026-06-23T00:00:00,298
IN00299,20250331,A004,EQ0010,L009,Baja,Evento en taller,En Proceso,25,False,Geotecnia,project_fact_incidentes_export.csv,2026-06-23T00:00:00,299
IN00300,20250512,A017,EQ0009,L013,Media,Evento en taller,Cerrada,0,False,Geotecnia,project_fact_incidentes_export.csv,2026-06-23T00:00:00,300
IN00301,20250106,A004,EQ0046,L009,Media,Falla de control crítico,Cerrada,0,False,Seguridad,project_fact_incidentes_export.csv,2026-06-23T00:00:00,301
IN00302,20250302,A005,EQ0047,L016,Baja,Incidente de tránsito mina,Cerrada,0,False,Calidad,project_fact_incidentes_export.csv,2026-06-23T00:00:00,302
IN00303,20250625,A017,EQ0005,L013,Alta,Evento en taller,Cerrada,0,False,Seguridad,project_fact_incidentes_export.csv,2026-06-23T00:00:00,303
IN00304,20250425,A017,EQ0021,L013,Alta,Condición subestándar,Cerrada,0,False,Operación,project_fact_incidentes_export.csv,2026-06-23T00:00:00,304
IN00305,20250107,A004,EQ0046,L009,Baja,Evento en correa,En Proceso,10,False,Calidad,project_fact_incidentes_export.csv,2026-06-23T00:00:00,305
IN00306,20250520,A017,EQ0055,L013,Alta,Evento HSE,Abierta,41,False,Geotecnia,project_fact_incidentes_export.csv,2026-06-23T00:00:00,306
IN00307,20250612,A004,EQ0006,L009,Baja,Condición subestándar,Cerrada,0,False,Geotecnia,project_fact_incidentes_export.csv,2026-06-23T00:00:00,307
IN00308,20250407,A017,EQ0014,L013,Alta,Evento en correa,Cerrada,0,False,Ambiente,project_fact_incidentes_export.csv,2026-06-23T00:00:00,308
IN00309,20250608,A010,EQ0025,L005,Media,Incidente operacional,Cerrada,0,False,Operación,project_fact_incidentes_export.csv,2026-06-23T00:00:00,309
IN00310,20250607,A017,EQ0014,L013,Media,Riesgo geotécnico,En Proceso,100,False,Operación,project_fact_incidentes_export.csv,2026-06-23T00:00:00,310
IN00311,20250204,A005,EQ0016,L016,Baja,Exposición a energía,Cerrada,0,False,Ambiente,project_fact_incidentes_export.csv,2026-06-23T00:00:00,311
IN00312,20250606,A005,EQ0013,L016,Media,Condición subestándar,Abierta,29,False,Calidad,project_fact_incidentes_export.csv,2026-06-23T00:00:00,312
IN00313,20250530,A017,EQ0023,L013,Baja,Bloqueo y etiquetado,Cerrada,0,False,Geotecnia,project_fact_incidentes_export.csv,2026-06-23T00:00:00,313
IN00314,20250622,A004,EQ0018,L009,Baja,Falla de control crítico,En Proceso,93,False,Geotecnia,project_fact_incidentes_export.csv,2026-06-23T00:00:00,314
IN00315,20250307,A004,EQ0046,L009,Media,Evento en correa,Cerrada,0,True,Ambiente,project_fact_incidentes_export.csv,2026-06-23T00:00:00,315
IN00316,20250624,A017,EQ0024,L013,Media,Riesgo geotécnico,Cerrada,0,False,Operación,project_fact_incidentes_export.csv,2026-06-23T00:00:00,316
IN00317,20250409,A013,EQ0050,L007,Alta,Falla de control crítico,En Proceso,85,False,Geotecnia,project_fact_incidentes_export.csv,2026-06-23T00:00:00,317
IN00318,20250313,A010,EQ0038,L005,Baja,Acto subestándar,En Proceso,68,True,Seguridad,project_fact_incidentes_export.csv,2026-06-23T00:00:00,318
IN00319,20250410,A017,EQ0030,L013,Alta,Condición subestándar,Cerrada,0,True,Geotecnia,project_fact_incidentes_export.csv,2026-06-23T00:00:00,319
IN00320,20250508,A004,EQ0019,L009,Media,Acto subestándar,Cerrada,0,False,Seguridad,project_fact_incidentes_export.csv,2026-06-23T00:00:00,320
IN00321,20250512,A004,EQ0059,L009,Alta,Bloqueo y etiquetado,Cerrada,0,False,Calidad,project_fact_incidentes_export.csv,2026-06-23T00:00:00,321
IN00322,20250514,A005,EQ0001,L016,Media,Falla de control crítico,Cerrada,0,False,Operación,project_fact_incidentes_export.csv,2026-06-23T00:00:00,322
IN00323,20250124,A004,EQ0010,L009,Media,Incidente operacional,Cerrada,0,False,Ambiente,project_fact_incidentes_export.csv,2026-06-23T00:00:00,323
IN00324,20250222,A005,EQ0001,L016,Alta,Evento HSE,Abierta,64,False,Operación,project_fact_incidentes_export.csv,2026-06-23T00:00:00,324
IN00325,20250607,A017,EQ0009,L013,Alta,Evento HSE,En Proceso,18,False,Seguridad,project_fact_incidentes_export.csv,2026-06-23T00:00:00,325
IN00326,20250417,A017,EQ0014,L013,Media,Casi accidente,Cerrada,0,False,Operación,project_fact_incidentes_export.csv,2026-06-23T00:00:00,326
IN00327,20250310,A010,EQ0039,L005,Baja,Condición subestándar,Vencida,93,False,Ambiente,project_fact_incidentes_export.csv,2026-06-23T00:00:00,327
IN00328,20250411,A004,EQ0004,L009,Baja,Derrame menor,En Proceso,34,False,Geotecnia,project_fact_incidentes_export.csv,2026-06-23T00:00:00,328
IN00329,20250501,A010,EQ0032,L005,Baja,Evento en taller,Abierta,55,False,Seguridad,project_fact_incidentes_export.csv,2026-06-23T00:00:00,329
IN00330,20250110,A013,EQ0050,L007,Baja,Riesgo geotécnico,Cerrada,0,False,Operación,project_fact_incidentes_export.csv,2026-06-23T00:00:00,330
IN00331,20250321,A004,EQ0060,L009,Baja,Casi accidente,Cerrada,0,False,Calidad,project_fact_incidentes_export.csv,2026-06-23T00:00:00,331
IN00332,20250112,A004,EQ0002,L009,Media,Evento HSE,Cerrada,0,False,Geotecnia,project_fact_incidentes_export.csv,2026-06-23T00:00:00,332
IN00333,20250131,A010,EQ0015,L005,Alta,Acto subestándar,Abierta,55,False,Geotecnia,project_fact_incidentes_export.csv,2026-06-23T00:00:00,333
IN00334,20250509,A017,EQ0014,L013,Baja,Falla de control crítico,Cerrada,0,False,Calidad,project_fact_incidentes_export.csv,2026-06-23T00:00:00,334
IN00335,20250609,A004,EQ0019,L009,Media,Evento HSE,Vencida,113,True,Calidad,project_fact_incidentes_export.csv,2026-06-23T00:00:00,335
IN00336,20250511,A012,EQ0045,L015,Baja,Casi accidente,Cerrada,0,False,Operación,project_fact_incidentes_export.csv,2026-06-23T00:00:00,336
IN00337,20250520,A017,EQ0027,L013,Media,Acto subestándar,En Proceso,77,False,Geotecnia,project_fact_incidentes_export.csv,2026-06-23T00:00:00,337
IN00338,20250121,A004,EQ0011,L009,Crítica,Derrame menor,Cerrada,0,False,Calidad,project_fact_incidentes_export.csv,2026-06-23T00:00:00,338
IN00339,20250222,A013,EQ0026,L007,Baja,Evento en taller,Abierta,81,False,Seguridad,project_fact_incidentes_export.csv,2026-06-23T00:00:00,339
IN00340,20250302,A004,EQ0036,L009,Media,Evento en correa,En Proceso,14,False,Calidad,project_fact_incidentes_export.csv,2026-06-23T00:00:00,340
IN00341,20250615,A008,EQ0042,L006,Media,Derrame menor,Cerrada,0,False,Operación,project_fact_incidentes_export.csv,2026-06-23T00:00:00,341
IN00342,20250320,A008,EQ0042,L006,Baja,Condición subestándar,Cerrada,0,False,Calidad,project_fact_incidentes_export.csv,2026-06-23T00:00:00,342
IN00343,20250509,A006,EQ0031,L016,Baja,Evento en taller,Cerrada,0,True,Seguridad,project_fact_incidentes_export.csv,2026-06-23T00:00:00,343
IN00344,20250309,A005,EQ0034,L016,Media,Evento en correa,Cerrada,0,False,Operación,project_fact_incidentes_export.csv,2026-06-23T00:00:00,344
IN00345,20250330,A017,EQ0008,L013,Baja,Acto subestándar,Cerrada,0,True,Seguridad,project_fact_incidentes_export.csv,2026-06-23T00:00:00,345
IN00346,20250222,A017,EQ0003,L013,Media,Evento en taller,Cerrada,0,False,Geotecnia,project_fact_incidentes_export.csv,2026-06-23T00:00:00,346
IN00347,20250401,A017,EQ0055,L013,Media,Falla de control crítico,Abierta,65,False,Operación,project_fact_incidentes_export.csv,2026-06-23T00:00:00,347
IN00348,20250101,A004,EQ0010,L009,Baja,Condición subestándar,En Proceso,33,False,Calidad,project_fact_incidentes_export.csv,2026-06-23T00:00:00,348
IN00349,20250528,A017,EQ0014,L013,Alta,Acto subestándar,Cerrada,0,False,Ambiente,project_fact_incidentes_export.csv,2026-06-23T00:00:00,349
IN00350,20250428,A010,EQ0039,L005,Alta,Casi accidente,Cerrada,0,False,Seguridad,project_fact_incidentes_export.csv,2026-06-23T00:00:00,350
IN00351,20250604,A012,EQ0045,L015,Baja,Condición subestándar,En Proceso,39,False,Geotecnia,project_fact_incidentes_export.csv,2026-06-23T00:00:00,351
IN00352,20250507,A013,EQ0026,L007,Alta,Casi accidente,Abierta,66,False,Geotecnia,project_fact_incidentes_export.csv,2026-06-23T00:00:00,352
IN00353,20250418,A004,EQ0006,L009,Media,Evento HSE,Vencida,42,False,Calidad,project_fact_incidentes_export.csv,2026-06-23T00:00:00,353
IN00354,20250109,A004,EQ0054,L009,Baja,Falla de control crítico,Abierta,14,False,Ambiente,project_fact_incidentes_export.csv,2026-06-23T00:00:00,354
IN00355,20250620,A004,EQ0046,L009,Media,Casi accidente,Cerrada,0,False,Operación,project_fact_incidentes_export.csv,2026-06-23T00:00:00,355
IN00356,20250517,A010,EQ0038,L005,Media,Condición subestándar,En Proceso,104,False,Ambiente,project_fact_incidentes_export.csv,2026-06-23T00:00:00,356
IN00357,20250603,A013,EQ0050,L007,Media,Bloqueo y etiquetado,Cerrada,0,False,Seguridad,project_fact_incidentes_export.csv,2026-06-23T00:00:00,357
IN00358,20250609,A017,EQ0024,L013,Media,Acto subestándar,En Proceso,111,False,Calidad,project_fact_incidentes_export.csv,2026-06-23T00:00:00,358
IN00359,20250602,A005,EQ0044,L016,Media,Bloqueo y etiquetado,Abierta,103,False,Ambiente,project_fact_incidentes_export.csv,2026-06-23T00:00:00,359
IN00360,20250428,A004,EQ0059,L009,Media,Derrame menor,Cerrada,0,False,Operación,project_fact_incidentes_export.csv,2026-06-23T00:00:00,360
IN00361,20250505,A010,EQ0025,L005,Alta,Bloqueo y etiquetado,Vencida,93,False,Operación,project_fact_incidentes_export.csv,2026-06-23T00:00:00,361
IN00362,20250309,A005,EQ0047,L016,Baja,Incidente operacional,Cerrada,0,True,Ambiente,project_fact_incidentes_export.csv,2026-06-23T00:00:00,362
IN00363,20250318,A005,EQ0016,L016,Media,Casi accidente,En Proceso,17,False,Geotecnia,project_fact_incidentes_export.csv,2026-06-23T00:00:00,363
IN00364,20250608,A005,EQ0044,L016,Baja,Riesgo geotécnico,Abierta,16,False,Geotecnia,project_fact_incidentes_export.csv,2026-06-23T00:00:00,364
IN00365,20250309,A008,EQ0012,L006,Baja,Exposición a energía,Cerrada,0,True,Calidad,project_fact_incidentes_export.csv,2026-06-23T00:00:00,365
IN00366,20250422,A005,EQ0037,L016,Media,Bloqueo y etiquetado,Cerrada,0,False,Geotecnia,project_fact_incidentes_export.csv,2026-06-23T00:00:00,366
IN00367,20250329,A009,EQ0043,L006,Media,Riesgo geotécnico,En Proceso,28,False,Calidad,project_fact_incidentes_export.csv,2026-06-23T00:00:00,367
IN00368,20250429,A005,EQ0047,L016,Baja,Evento en correa,Cerrada,0,False,Calidad,project_fact_incidentes_export.csv,2026-06-23T00:00:00,368
IN00369,20250507,A004,EQ0051,L009,Baja,Evento en correa,Cerrada,0,False,Calidad,project_fact_incidentes_export.csv,2026-06-23T00:00:00,369
IN00370,20250131,A006,EQ0056,L016,Baja,Derrame menor,Cerrada,0,False,Geotecnia,project_fact_incidentes_export.csv,2026-06-23T00:00:00,370
IN00371,20250420,A006,EQ0031,L016,Alta,Condición subestándar,Abierta,42,False,Geotecnia,project_fact_incidentes_export.csv,2026-06-23T00:00:00,371
IN00372,20250413,A004,EQ0052,L009,Alta,Casi accidente,Cerrada,0,False,Geotecnia,project_fact_incidentes_export.csv,2026-06-23T00:00:00,372
IN00373,20250223,A006,EQ0056,L016,Media,Evento en correa,En Proceso,98,False,Calidad,project_fact_incidentes_export.csv,2026-06-23T00:00:00,373
IN00374,20250222,A017,EQ0055,L013,Media,Evento en taller,Vencida,97,False,Geotecnia,project_fact_incidentes_export.csv,2026-06-23T00:00:00,374
IN00375,20250529,A017,EQ0014,L013,Baja,Exposición a energía,Cerrada,0,False,Geotecnia,project_fact_incidentes_export.csv,2026-06-23T00:00:00,375
IN00376,20250530,A009,EQ0022,L006,Media,Bloqueo y etiquetado,Cerrada,0,False,Ambiente,project_fact_incidentes_export.csv,2026-06-23T00:00:00,376
IN00377,20250414,A009,EQ0043,L006,Baja,Casi accidente,Cerrada,0,True,Calidad,project_fact_incidentes_export.csv,2026-06-23T00:00:00,377
IN00378,20250315,A004,EQ0004,L009,Baja,Casi accidente,En Proceso,81,False,Operación,project_fact_incidentes_export.csv,2026-06-23T00:00:00,378
IN00379,20250408,A010,EQ0038,L005,Media,Condición subestándar,Abierta,89,False,Geotecnia,project_fact_incidentes_export.csv,2026-06-23T00:00:00,379
IN00380,20250417,A017,EQ0024,L013,Media,Derrame menor,Cerrada,0,False,Seguridad,project_fact_incidentes_export.csv,2026-06-23T00:00:00,380
IN00381,20250524,A005,EQ0044,L016,Alta,Condición subestándar,Abierta,17,False,Seguridad,project_fact_incidentes_export.csv,2026-06-23T00:00:00,381
IN00382,20250306,A004,EQ0053,L009,Baja,Evento HSE,Cerrada,0,False,Operación,project_fact_incidentes_export.csv,2026-06-23T00:00:00,382
IN00383,20250619,A017,EQ0055,L013,Baja,Falla de control crítico,Abierta,112,False,Geotecnia,project_fact_incidentes_export.csv,2026-06-23T00:00:00,383
IN00384,20250112,A004,EQ0020,L009,Media,Evento HSE,En Proceso,68,False,Operación,project_fact_incidentes_export.csv,2026-06-23T00:00:00,384
IN00385,20250614,A017,EQ0041,L013,Crítica,Derrame menor,Cerrada,0,False,Geotecnia,project_fact_incidentes_export.csv,2026-06-23T00:00:00,385
IN00386,20250110,A017,EQ0005,L013,Alta,Casi accidente,Cerrada,0,False,Calidad,project_fact_incidentes_export.csv,2026-06-23T00:00:00,386
IN00387,20250518,A004,EQ0049,L009,Baja,Exposición a energía,Cerrada,0,False,Seguridad,project_fact_incidentes_export.csv,2026-06-23T00:00:00,387
IN00388,20250522,A004,EQ0010,L009,Media,Acto subestándar,Abierta,59,False,Geotecnia,project_fact_incidentes_export.csv,2026-06-23T00:00:00,388
IN00389,20250418,A005,EQ0037,L016,Media,Derrame menor,Cerrada,0,False,Calidad,project_fact_incidentes_export.csv,2026-06-23T00:00:00,389
IN00390,20250309,A009,EQ0022,L006,Alta,Casi accidente,Cerrada,0,False,Operación,project_fact_incidentes_export.csv,2026-06-23T00:00:00,390
IN00391,20250120,A004,EQ0010,L009,Baja,Evento en taller,En Proceso,49,False,Ambiente,project_fact_incidentes_export.csv,2026-06-23T00:00:00,391
IN00392,20250514,A005,EQ0034,L016,Media,Riesgo geotécnico,Abierta,21,False,Ambiente,project_fact_incidentes_export.csv,2026-06-23T00:00:00,392
IN00393,20250126,A008,EQ0042,L006,Media,Falla de control crítico,Vencida,68,False,Seguridad,project_fact_incidentes_export.csv,2026-06-23T00:00:00,393
IN00394,20250609,A004,EQ0051,L009,Baja,Casi accidente,Vencida,101,False,Ambiente,project_fact_incidentes_export.csv,2026-06-23T00:00:00,394
IN00395,20250408,A017,EQ0008,L013,Media,Falla de control crítico,En Proceso,112,False,Operación,project_fact_incidentes_export.csv,2026-06-23T00:00:00,395
IN00396,20250418,A009,EQ0043,L006,Media,Casi accidente,En Proceso,96,False,Calidad,project_fact_incidentes_export.csv,2026-06-23T00:00:00,396
IN00397,20250417,A008,EQ0012,L006,Media,Incidente de tránsito mina,Cerrada,0,False,Seguridad,project_fact_incidentes_export.csv,2026-06-23T00:00:00,397
IN00398,20250106,A004,EQ0011,L009,Baja,Acto subestándar,Cerrada,0,False,Operación,project_fact_incidentes_export.csv,2026-06-23T00:00:00,398
IN00399,20250625,A010,EQ0025,L005,Alta,Derrame menor,Vencida,30,False,Calidad,project_fact_incidentes_export.csv,2026-06-23T00:00:00,399
IN00400,20250628,A006,EQ0056,L016,Baja,Evento en taller,Abierta,95,True,Ambiente,project_fact_incidentes_export.csv,2026-06-23T00:00:00,400
IN00401,20250110,A004,EQ0019,L009,Media,Condición subestándar,Cerrada,0,False,Ambiente,project_fact_incidentes_export.csv,2026-06-23T00:00:00,401
IN00402,20250403,A004,EQ0053,L009,Baja,Falla de control crítico,Cerrada,0,True,Calidad,project_fact_incidentes_export.csv,2026-06-23T00:00:00,402
IN00403,20250101,A005,EQ0001,L016,Alta,Evento HSE,Cerrada,0,False,Operación,project_fact_incidentes_export.csv,2026-06-23T00:00:00,403
IN00404,20250404,A017,EQ0005,L013,Alta,Acto subestándar,Abierta,113,True,Calidad,project_fact_incidentes_export.csv,2026-06-23T00:00:00,404
IN00405,20250102,A017,EQ0017,L013,Baja,Evento HSE,En Proceso,41,False,Seguridad,project_fact_incidentes_export.csv,2026-06-23T00:00:00,405
IN00406,20250207,A010,EQ0039,L005,Crítica,Evento HSE,Abierta,70,False,Ambiente,project_fact_incidentes_export.csv,2026-06-23T00:00:00,406
IN00407,20250220,A017,EQ0023,L013,Baja,Exposición a energía,En Proceso,97,False,Ambiente,project_fact_incidentes_export.csv,2026-06-23T00:00:00,407
IN00408,20250512,A017,EQ0014,L013,Media,Derrame menor,Cerrada,0,False,Operación,project_fact_incidentes_export.csv,2026-06-23T00:00:00,408
IN00409,20250124,A004,EQ0046,L009,Media,Acto subestándar,Cerrada,0,False,Geotecnia,project_fact_incidentes_export.csv,2026-06-23T00:00:00,409
IN00410,20250610,A017,EQ0023,L013,Media,Riesgo geotécnico,Cerrada,0,False,Geotecnia,project_fact_incidentes_export.csv,2026-06-23T00:00:00,410
IN00411,20250124,A017,EQ0024,L013,Media,Condición subestándar,Abierta,117,False,Ambiente,project_fact_incidentes_export.csv,2026-06-23T00:00:00,411
IN00412,20250528,A017,EQ0040,L013,Media,Evento HSE,Abierta,80,False,Operación,project_fact_incidentes_export.csv,2026-06-23T00:00:00,412
IN00413,20250419,A004,EQ0007,L009,Media,Derrame menor,Cerrada,0,False,Calidad,project_fact_incidentes_export.csv,2026-06-23T00:00:00,413
IN00414,20250611,A013,EQ0026,L007,Media,Derrame menor,Cerrada,0,False,Operación,project_fact_incidentes_export.csv,2026-06-23T00:00:00,414
IN00415,20250401,A005,EQ0037,L016,Media,Derrame menor,Vencida,39,False,Seguridad,project_fact_incidentes_export.csv,2026-06-23T00:00:00,415
IN00416,20250408,A012,EQ0035,L015,Baja,Bloqueo y etiquetado,Cerrada,0,False,Ambiente,project_fact_incidentes_export.csv,2026-06-23T00:00:00,416
IN00417,20250522,A005,EQ0047,L016,Media,Acto subestándar,Cerrada,0,False,Operación,project_fact_incidentes_export.csv,2026-06-23T00:00:00,417
IN00418,20250319,A004,EQ0019,L009,Baja,Incidente operacional,En Proceso,84,True,Geotecnia,project_fact_incidentes_export.csv,2026-06-23T00:00:00,418
IN00419,20250323,A008,EQ0033,L006,Alta,Acto subestándar,Cerrada,0,False,Seguridad,project_fact_incidentes_export.csv,2026-06-23T00:00:00,419
IN00420,20250613,A010,EQ0039,L005,Media,Riesgo geotécnico,Abierta,54,False,Operación,project_fact_incidentes_export.csv,2026-06-23T00:00:00,420
IN00421,20250111,A017,EQ0014,L013,Baja,Bloqueo y etiquetado,En Proceso,35,False,Calidad,project_fact_incidentes_export.csv,2026-06-23T00:00:00,421
IN00422,20250213,A004,EQ0006,L009,Baja,Evento en taller,Cerrada,0,True,Operación,project_fact_incidentes_export.csv,2026-06-23T00:00:00,422
IN00423,20250609,A005,EQ0034,L016,Alta,Incidente operacional,Cerrada,0,False,Ambiente,project_fact_incidentes_export.csv,2026-06-23T00:00:00,423
IN00424,20250606,A005,EQ0047,L016,Media,Evento HSE,Cerrada,0,False,Seguridad,project_fact_incidentes_export.csv,2026-06-23T00:00:00,424
IN00425,20250524,A017,EQ0024,L013,Media,Incidente operacional,Cerrada,0,False,Seguridad,project_fact_incidentes_export.csv,2026-06-23T00:00:00,425
IN00426,20250515,A004,EQ0006,L009,Baja,Falla de control crítico,En Proceso,74,True,Calidad,project_fact_incidentes_export.csv,2026-06-23T00:00:00,426
IN00427,20250318,A005,EQ0029,L016,Baja,Derrame menor,Cerrada,0,False,Operación,project_fact_incidentes_export.csv,2026-06-23T00:00:00,427
IN00428,20250602,A004,EQ0002,L009,Baja,Derrame menor,Cerrada,0,False,Geotecnia,project_fact_incidentes_export.csv,2026-06-23T00:00:00,428
IN00429,20250107,A005,EQ0029,L016,Media,Exposición a energía,Cerrada,0,False,Geotecnia,project_fact_incidentes_export.csv,2026-06-23T00:00:00,429
IN00430,20250202,A017,EQ0005,L013,Media,Bloqueo y etiquetado,Cerrada,0,True,Ambiente,project_fact_incidentes_export.csv,2026-06-23T00:00:00,430
IN00431,20250531,A005,EQ0029,L016,Baja,Evento HSE,Cerrada,0,False,Ambiente,project_fact_incidentes_export.csv,2026-06-23T00:00:00,431
IN00432,20250212,A017,EQ0024,L013,Baja,Acto subestándar,En Proceso,56,False,Operación,project_fact_incidentes_export.csv,2026-06-23T00:00:00,432
IN00433,20250203,A017,EQ0023,L013,Alta,Exposición a energía,Cerrada,0,False,Ambiente,project_fact_incidentes_export.csv,2026-06-23T00:00:00,433
IN00434,20250412,A013,EQ0050,L007,Crítica,Bloqueo y etiquetado,Vencida,50,False,Geotecnia,project_fact_incidentes_export.csv,2026-06-23T00:00:00,434
IN00435,20250412,A006,EQ0031,L016,Media,Acto subestándar,Cerrada,0,False,Operación,project_fact_incidentes_export.csv,2026-06-23T00:00:00,435
IN00436,20250403,A017,EQ0040,L013,Crítica,Bloqueo y etiquetado,Cerrada,0,False,Ambiente,project_fact_incidentes_export.csv,2026-06-23T00:00:00,436
IN00437,20250106,A004,EQ0057,L009,Baja,Falla de control crítico,Cerrada,0,False,Geotecnia,project_fact_incidentes_export.csv,2026-06-23T00:00:00,437
IN00438,20250209,A008,EQ0058,L006,Media,Derrame menor,Cerrada,0,False,Geotecnia,project_fact_incidentes_export.csv,2026-06-23T00:00:00,438
IN00439,20250220,A017,EQ0021,L013,Baja,Falla de control crítico,En Proceso,34,False,Calidad,project_fact_incidentes_export.csv,2026-06-23T00:00:00,439
IN00440,20250611,A005,EQ0044,L016,Alta,Derrame menor,Cerrada,0,False,Operación,project_fact_incidentes_export.csv,2026-06-23T00:00:00,440
IN00441,20250508,A010,EQ0039,L005,Media,Casi accidente,En Proceso,40,False,Operación,project_fact_incidentes_export.csv,2026-06-23T00:00:00,441
IN00442,20250513,A005,EQ0013,L016,Media,Incidente de tránsito mina,Cerrada,0,False,Seguridad,project_fact_incidentes_export.csv,2026-06-23T00:00:00,442
IN00443,20250102,A017,EQ0055,L013,Baja,Acto subestándar,En Proceso,119,False,Seguridad,project_fact_incidentes_export.csv,2026-06-23T00:00:00,443
IN00444,20250628,A017,EQ0014,L013,Baja,Bloqueo y etiquetado,Cerrada,0,False,Geotecnia,project_fact_incidentes_export.csv,2026-06-23T00:00:00,444
IN00445,20250309,A006,EQ0031,L016,Baja,Evento en taller,Cerrada,0,False,Calidad,project_fact_incidentes_export.csv,2026-06-23T00:00:00,445
IN00446,20250621,A012,EQ0045,L015,Media,Derrame menor,Cerrada,0,False,Geotecnia,project_fact_incidentes_export.csv,2026-06-23T00:00:00,446
IN00447,20250127,A004,EQ0051,L009,Media,Condición subestándar,Cerrada,0,False,Seguridad,project_fact_incidentes_export.csv,2026-06-23T00:00:00,447
IN00448,20250430,A004,EQ0019,L009,Alta,Derrame menor,Cerrada,0,False,Seguridad,project_fact_incidentes_export.csv,2026-06-23T00:00:00,448
IN00449,20250203,A006,EQ0031,L016,Crítica,Riesgo geotécnico,Cerrada,0,False,Ambiente,project_fact_incidentes_export.csv,2026-06-23T00:00:00,449
IN00450,20250301,A004,EQ0036,L009,Media,Bloqueo y etiquetado,Cerrada,0,False,Calidad,project_fact_incidentes_export.csv,2026-06-23T00:00:00,450
IN00451,20250128,A005,EQ0037,L016,Baja,Derrame menor,Cerrada,0,False,Operación,project_fact_incidentes_export.csv,2026-06-23T00:00:00,451
IN00452,20250509,A010,EQ0015,L005,Media,Derrame menor,Abierta,54,False,Geotecnia,project_fact_incidentes_export.csv,2026-06-23T00:00:00,452
IN00453,20250127,A013,EQ0050,L007,Baja,Incidente de tránsito mina,Cerrada,0,False,Operación,project_fact_incidentes_export.csv,2026-06-23T00:00:00,453
IN00454,20250327,A004,EQ0046,L009,Baja,Evento en correa,Cerrada,0,False,Geotecnia,project_fact_incidentes_export.csv,2026-06-23T00:00:00,454
IN00455,20250109,A017,EQ0030,L013,Media,Casi accidente,Vencida,93,False,Operación,project_fact_incidentes_export.csv,2026-06-23T00:00:00,455
IN00456,20250424,A010,EQ0032,L005,Crítica,Evento en taller,Abierta,84,False,Ambiente,project_fact_incidentes_export.csv,2026-06-23T00:00:00,456
IN00457,20250606,A008,EQ0033,L006,Media,Bloqueo y etiquetado,Cerrada,0,False,Operación,project_fact_incidentes_export.csv,2026-06-23T00:00:00,457
IN00458,20250129,A006,EQ0056,L016,Alta,Evento en correa,Cerrada,0,False,Geotecnia,project_fact_incidentes_export.csv,2026-06-23T00:00:00,458
IN00459,20250507,A005,EQ0001,L016,Baja,Incidente operacional,Cerrada,0,False,Seguridad,project_fact_incidentes_export.csv,2026-06-23T00:00:00,459
IN00460,20250205,A010,EQ0032,L005,Alta,Incidente de tránsito mina,Abierta,41,False,Ambiente,project_fact_incidentes_export.csv,2026-06-23T00:00:00,460
IN00461,20250622,A017,EQ0055,L013,Crítica,Acto subestándar,Cerrada,0,True,Calidad,project_fact_incidentes_export.csv,2026-06-23T00:00:00,461
IN00462,20250304,A004,EQ0010,L009,Baja,Falla de control crítico,Cerrada,0,False,Geotecnia,project_fact_incidentes_export.csv,2026-06-23T00:00:00,462
IN00463,20250503,A006,EQ0031,L016,Baja,Falla de control crítico,Vencida,71,False,Geotecnia,project_fact_incidentes_export.csv,2026-06-23T00:00:00,463
IN00464,20250622,A013,EQ0050,L007,Media,Casi accidente,Cerrada,0,False,Operación,project_fact_incidentes_export.csv,2026-06-23T00:00:00,464
IN00465,20250305,A005,EQ0013,L016,Alta,Bloqueo y etiquetado,Cerrada,0,False,Calidad,project_fact_incidentes_export.csv,2026-06-23T00:00:00,465
IN00466,20250203,A012,EQ0045,L015,Baja,Riesgo geotécnico,Cerrada,0,False,Seguridad,project_fact_incidentes_export.csv,2026-06-23T00:00:00,466
IN00467,20250611,A013,EQ0026,L007,Media,Bloqueo y etiquetado,Abierta,93,False,Operación,project_fact_incidentes_export.csv,2026-06-23T00:00:00,467
IN00468,20250303,A005,EQ0013,L016,Alta,Evento HSE,En Proceso,56,False,Seguridad,project_fact_incidentes_export.csv,2026-06-23T00:00:00,468
IN00469,20250216,A009,EQ0043,L006,Alta,Casi accidente,Cerrada,0,False,Geotecnia,project_fact_incidentes_export.csv,2026-06-23T00:00:00,469
IN00470,20250630,A005,EQ0013,L016,Media,Evento en taller,Cerrada,0,False,Operación,project_fact_incidentes_export.csv,2026-06-23T00:00:00,470
IN00471,20250226,A008,EQ0042,L006,Media,Incidente operacional,Cerrada,0,False,Calidad,project_fact_incidentes_export.csv,2026-06-23T00:00:00,471
IN00472,20250429,A017,EQ0017,L013,Baja,Bloqueo y etiquetado,Cerrada,0,False,Geotecnia,project_fact_incidentes_export.csv,2026-06-23T00:00:00,472
IN00473,20250527,A004,EQ0010,L009,Baja,Riesgo geotécnico,Cerrada,0,True,Geotecnia,project_fact_incidentes_export.csv,2026-06-23T00:00:00,473
IN00474,20250513,A010,EQ0025,L005,Baja,Acto subestándar,En Proceso,62,False,Ambiente,project_fact_incidentes_export.csv,2026-06-23T00:00:00,474
IN00475,20250411,A005,EQ0029,L016,Media,Falla de control crítico,En Proceso,40,True,Ambiente,project_fact_incidentes_export.csv,2026-06-23T00:00:00,475
IN00476,20250223,A005,EQ0034,L016,Media,Casi accidente,Cerrada,0,False,Seguridad,project_fact_incidentes_export.csv,2026-06-23T00:00:00,476
IN00477,20250525,A004,EQ0053,L009,Baja,Derrame menor,Cerrada,0,False,Seguridad,project_fact_incidentes_export.csv,2026-06-23T00:00:00,477
IN00478,20250101,A010,EQ0025,L005,Baja,Evento HSE,Cerrada,0,False,Geotecnia,project_fact_incidentes_export.csv,2026-06-23T00:00:00,478
IN00479,20250506,A008,EQ0012,L006,Baja,Condición subestándar,Cerrada,0,False,Ambiente,project_fact_incidentes_export.csv,2026-06-23T00:00:00,479
IN00480,20250328,A008,EQ0058,L006,Media,Incidente operacional,Cerrada,0,False,Ambiente,project_fact_incidentes_export.csv,2026-06-23T00:00:00,480
IN00481,20250529,A004,EQ0057,L009,Baja,Bloqueo y etiquetado,Abierta,103,False,Geotecnia,project_fact_incidentes_export.csv,2026-06-23T00:00:00,481
IN00482,20250325,A017,EQ0017,L013,Baja,Incidente de tránsito mina,Cerrada,0,False,Calidad,project_fact_incidentes_export.csv,2026-06-23T00:00:00,482
IN00483,20250504,A017,EQ0024,L013,Baja,Derrame menor,Cerrada,0,False,Geotecnia,project_fact_incidentes_export.csv,2026-06-23T00:00:00,483
IN00484,20250423,A004,EQ0057,L009,Baja,Evento en correa,Cerrada,0,False,Operación,project_fact_incidentes_export.csv,2026-06-23T00:00:00,484
IN00485,20250620,A004,EQ0049,L009,Media,Bloqueo y etiquetado,Cerrada,0,False,Seguridad,project_fact_incidentes_export.csv,2026-06-23T00:00:00,485
IN00486,20250513,A004,EQ0020,L009,Crítica,Condición subestándar,Cerrada,0,False,Geotecnia,project_fact_incidentes_export.csv,2026-06-23T00:00:00,486
IN00487,20250112,A004,EQ0006,L009,Baja,Exposición a energía,Cerrada,0,False,Operación,project_fact_incidentes_export.csv,2026-06-23T00:00:00,487
IN00488,20250224,A005,EQ0029,L016,Media,Falla de control crítico,Abierta,62,False,Geotecnia,project_fact_incidentes_export.csv,2026-06-23T00:00:00,488
IN00489,20250409,A004,EQ0053,L009,Media,Exposición a energía,Abierta,103,False,Ambiente,project_fact_incidentes_export.csv,2026-06-23T00:00:00,489
IN00490,20250616,A004,EQ0051,L009,Media,Condición subestándar,Cerrada,0,False,Operación,project_fact_incidentes_export.csv,2026-06-23T00:00:00,490
IN00491,20250202,A008,EQ0042,L006,Baja,Incidente operacional,En Proceso,13,False,Operación,project_fact_incidentes_export.csv,2026-06-23T00:00:00,491
IN00492,20250420,A006,EQ0031,L016,Baja,Evento en taller,En Proceso,98,False,Calidad,project_fact_incidentes_export.csv,2026-06-23T00:00:00,492
IN00493,20250205,A017,EQ0003,L013,Baja,Incidente operacional,Cerrada,0,False,Ambiente,project_fact_incidentes_export.csv,2026-06-23T00:00:00,493
IN00494,20250610,A004,EQ0006,L009,Baja,Falla de control crítico,Abierta,100,False,Ambiente,project_fact_incidentes_export.csv,2026-06-23T00:00:00,494
IN00495,20250531,A004,EQ0049,L009,Media,Riesgo geotécnico,Cerrada,0,False,Ambiente,project_fact_incidentes_export.csv,2026-06-23T00:00:00,495
IN00496,20250617,A012,EQ0035,L015,Alta,Riesgo geotécnico,En Proceso,92,False,Calidad,project_fact_incidentes_export.csv,2026-06-23T00:00:00,496
IN00497,20250325,A005,EQ0047,L016,Baja,Falla de control crítico,Cerrada,0,False,Geotecnia,project_fact_incidentes_export.csv,2026-06-23T00:00:00,497
IN00498,20250424,A005,EQ0029,L016,Baja,Casi accidente,Cerrada,0,False,Geotecnia,project_fact_incidentes_export.csv,2026-06-23T00:00:00,498
IN00499,20250403,A005,EQ0001,L016,Baja,Exposición a energía,Cerrada,0,False,Geotecnia,project_fact_incidentes_export.csv,2026-06-23T00:00:00,499
IN00500,20250209,A004,EQ0007,L009,Baja,Acto subestándar,En Proceso,109,False,Calidad,project_fact_incidentes_export.csv,2026-06-23T00:00:00,500
