ProjectFactID,ProjectID,DateKey,AreaID,ClientID,ResponsibleID,StatusID,PriorityID,PlannedProgressPct,ActualProgressPct,PlannedCost,ActualCost,RiskScore,DelayDays
PF00001,PR0001,20241231,A006,C017,R013,S4,P3,98.6,82.5,198745.24,212034.08,25.2,11
PF00002,PR0002,20241201,A006,C013,R018,S2,P3,61.8,50.2,347901.47,413356.47,43.2,6
PF00003,PR0003,20240818,A004,C020,R017,S2,P2,86.6,83.5,336579.95,350634.76,77.4,2
PF00004,PR0004,20240818,A001,C017,R021,S4,P4,40.5,24.5,38129.75,34721.97,66.4,3
PF00005,PR0005,20240523,A001,C020,R008,S2,P3,71.1,62.6,254384.03,284638.24,32.5,2
PF00006,PR0006,20240305,A002,C005,R020,S2,P1,87.1,78.5,123073.58,139139.37,49.0,3
PF00007,PR0007,20240104,A004,C006,R014,S2,P1,95.1,78.3,318471.47,349859.75,45.0,3
PF00008,PR0008,20240504,A001,C017,R029,S2,P4,88.5,87.4,39662.29,44003.72,50.1,2
PF00009,PR0009,20240425,A003,C005,R005,S2,P1,37.4,22.6,329159.08,378085.5,50.7,15
PF00010,PR0010,20240311,A001,C002,R005,S4,P2,59.2,48.7,297179.62,269994.01,43.4,4
PF00011,PR0011,20240404,A004,C014,R014,S3,P2,38.2,34.7,63188.92,57869.47,16.2,4
PF00012,PR0012,20240110,A001,C017,R016,S4,P2,42.1,29.9,44442.91,36609.6,47.4,2
PF00013,PR0013,20240810,A005,C020,R021,S4,P2,78.9,75.0,296279.99,310629.97,53.1,2
PF00014,PR0014,20241205,A001,C019,R013,S2,P3,81.4,79.6,75621.24,76376.4,40.9,1
PF00015,PR0015,20240909,A002,C003,R028,S2,P1,85.3,81.6,198841.9,192320.18,15.9,5
PF00016,PR0016,20240613,A002,C016,R015,S4,P4,91.3,83.7,322617.08,214645.45,62.8,7
PF00017,PR0017,20240602,A005,C017,R004,S2,P4,83.1,79.9,209420.64,182263.37,51.6,7
PF00018,PR0018,20240422,A001,C014,R004,S4,P2,87.1,84.7,154100.82,177909.53,31.9,3
PF00019,PR0019,20240222,A003,C017,R030,S4,P2,38.2,10.3,169630.22,231204.62,57.0,33
PF00020,PR0020,20240807,A004,C017,R005,S2,P3,50.2,44.4,45513.08,48392.74,18.0,7
PF00021,PR0021,20240726,A004,C009,R029,S2,P1,75.4,68.9,339844.5,289927.37,26.5,5
PF00022,PR0022,20240103,A005,C001,R009,S2,P2,90.8,89.8,125962.61,150228.63,35.3,3
PF00023,PR0023,20240601,A005,C010,R003,S2,P4,35.3,28.9,86543.13,86778.24,67.1,5
PF00024,PR0024,20240411,A003,C005,R010,S2,P4,68.5,45.6,117965.37,158288.88,55.2,38
PF00025,PR0025,20240303,A005,C003,R019,S2,P3,79.0,68.0,338421.29,439640.92,56.5,6
PF00026,PR0026,20240914,A002,C003,R013,S4,P2,36.9,33.2,55642.97,66881.34,35.3,7
PF00027,PR0027,20240711,A006,C014,R024,S4,P3,61.1,45.1,306873.49,301721.74,49.5,5
PF00028,PR0028,20240819,A004,C011,R019,S4,P3,93.2,76.5,255049.27,241994.21,42.5,4
PF00029,PR0029,20240918,A005,C011,R013,S2,P2,78.7,76.9,294756.23,289136.58,60.7,9
PF00030,PR0030,20241225,A006,C015,R020,S2,P3,50.4,48.5,342166.7,369946.46,35.4,6
PF00031,PR0031,20241020,A005,C011,R030,S2,P1,90.4,88.3,298700.26,300902.61,16.7,2
PF00032,PR0032,20240815,A006,C013,R013,S2,P2,57.6,46.4,331599.26,322503.73,20.1,8
PF00033,PR0033,20241117,A004,C002,R005,S4,P3,90.5,88.3,66253.96,79243.83,35.4,6
PF00034,PR0034,20240623,A001,C018,R013,S2,P2,54.4,39.1,283631.28,285416.69,22.5,5
PF00035,PR0035,20241226,A003,C009,R026,S2,P2,73.4,52.0,202344.6,362319.1,74.9,19
PF00036,PR0036,20241005,A002,C004,R007,S4,P4,60.8,46.0,201636.07,207864.43,36.6,2
PF00037,PR0037,20240826,A006,C017,R029,S2,P4,52.9,43.4,317149.51,391438.04,87.7,5
PF00038,PR0038,20241126,A002,C015,R018,S1,P3,92.6,74.7,340836.24,362267.45,13.7,8
PF00039,PR0039,20240707,A002,C002,R019,S2,P4,47.2,46.4,254072.45,288513.31,48.7,5
PF00040,PR0040,20240920,A002,C004,R010,S3,P4,40.5,33.3,181954.98,169772.49,24.7,2
PF00041,PR0041,20240414,A004,C001,R028,S4,P2,57.2,51.4,173331.25,159039.9,36.1,8
PF00042,PR0042,20241218,A004,C006,R002,S2,P2,81.6,64.5,150560.97,161877.84,47.5,4
PF00043,PR0043,20240816,A006,C002,R009,S4,P2,87.5,77.1,142519.68,162276.67,3.1,5
PF00044,PR0044,20241013,A003,C015,R013,S4,P1,99.9,71.3,152239.72,223078.23,71.5,33
PF00045,PR0045,20240617,A002,C011,R015,S4,P3,54.3,51.2,54169.8,46891.16,79.3,8
PF00046,PR0046,20241113,A001,C020,R015,S2,P2,61.5,43.9,50166.73,42981.3,36.8,5
PF00047,PR0047,20240128,A001,C015,R005,S1,P2,43.9,34.9,278457.7,236339.2,49.7,2
PF00048,PR0048,20240211,A003,C013,R007,S4,P2,72.4,56.7,169973.69,161492.11,92.9,14
PF00049,PR0049,20240704,A006,C011,R003,S2,P2,99.8,82.3,327472.46,338324.32,42.0,6
PF00050,PR0050,20240925,A004,C002,R018,S3,P4,80.6,73.7,223971.83,258688.64,34.5,3
PF00051,PR0051,20241023,A006,C002,R011,S4,P1,73.7,66.5,36432.19,37102.18,4.0,8
PF00052,PR0052,20240610,A001,C013,R017,S2,P2,60.5,50.0,76195.09,57051.09,56.5,4
PF00053,PR0053,20240825,A001,C001,R018,S4,P2,94.5,92.2,91891.43,91625.75,43.0,6
PF00054,PR0054,20240721,A006,C001,R022,S4,P3,67.3,61.5,342114.21,342272.99,26.8,7
PF00055,PR0055,20241217,A001,C005,R017,S4,P3,43.7,40.2,96078.87,122166.19,47.3,5
PF00056,PR0056,20240827,A001,C018,R020,S2,P3,58.7,56.8,192620.59,162792.03,34.5,8
PF00057,PR0057,20240601,A003,C010,R018,S4,P1,39.4,8.5,329257.5,444710.33,51.0,20
PF00058,PR0058,20241220,A006,C015,R020,S3,P2,48.1,37.5,342587.64,419567.88,55.9,4
PF00059,PR0059,20240209,A005,C009,R019,S4,P4,36.1,29.6,101817.14,109351.34,20.9,6
PF00060,PR0060,20241226,A001,C004,R010,S4,P3,64.5,57.1,40963.23,44551.51,63.9,4
PF00061,PR0061,20240226,A006,C008,R008,S4,P3,76.2,68.4,74920.6,77449.18,19.8,7
PF00062,PR0062,20240415,A006,C002,R024,S2,P3,57.3,45.9,45581.76,48298.12,33.1,3
PF00063,PR0063,20241027,A005,C016,R011,S2,P3,62.3,45.6,88415.38,98434.0,79.6,8
PF00064,PR0064,20240925,A006,C004,R017,S2,P1,97.3,80.5,209785.16,193602.68,65.3,11
PF00065,PR0065,20241221,A002,C008,R006,S3,P2,83.9,76.9,321545.86,361857.11,46.8,5
PF00066,PR0066,20241001,A006,C020,R013,S3,P3,70.2,64.3,199596.14,170702.53,28.1,4
PF00067,PR0067,20240821,A002,C012,R016,S3,P2,53.5,45.4,228446.61,242017.29,35.5,5
PF00068,PR0068,20240506,A005,C010,R019,S2,P4,93.3,83.1,90606.86,94362.42,46.3,4
PF00069,PR0069,20240102,A004,C011,R016,S4,P3,50.3,42.0,285189.68,269802.22,45.7,4
PF00070,PR0070,20240215,A005,C016,R011,S4,P3,56.1,44.2,225781.4,229682.4,43.4,6
PF00071,PR0071,20240418,A004,C006,R029,S2,P4,94.1,84.1,305844.47,289113.3,44.4,8
PF00072,PR0072,20240115,A004,C013,R016,S4,P3,69.4,63.6,333374.01,297168.21,41.1,5
PF00073,PR0073,20240704,A004,C018,R025,S4,P4,83.3,77.1,138067.75,134970.37,19.0,9
PF00074,PR0074,20241011,A005,C012,R023,S3,P3,73.4,66.6,54438.19,48315.06,35.7,4
PF00075,PR0075,20241218,A005,C009,R017,S2,P4,77.5,75.8,98426.91,104208.08,61.5,2
PF00076,PR0076,20240628,A001,C003,R027,S4,P2,54.5,51.5,167298.51,147555.57,20.4,0
PF00077,PR0077,20241116,A005,C005,R004,S4,P3,50.7,37.7,332350.44,367392.55,41.6,4
PF00078,PR0078,20241226,A004,C019,R028,S4,P3,56.0,49.0,147950.69,129933.63,30.2,6
PF00079,PR0079,20241110,A002,C011,R026,S4,P1,45.1,41.2,275501.29,262289.52,47.0,7
PF00080,PR0080,20240619,A004,C007,R016,S4,P2,91.8,81.7,200654.92,189628.45,38.0,3
